{"sunucusaati":{"gun":16,"saat":14,"dakika":48,"saniye":27,"milisaniye":762},"konumBilgileri":[{"takim_numarasi":3,"iha_enlem":40.2315636,"iha_boylam":29.0093346,"iha_irtifa":-0.273,"iha_dikilme":-12.320013,"iha_yonelme":187.0,"iha_yatis":21.1791115,"iha_hizi":0.154963478,"zaman_farki":673},{"takim_numarasi":8,"iha_enlem":40.2316856,"iha_boylam":29.0081863,"iha_irtifa":93.608,"iha_dikilme":25.2101974,"iha_yonelme":220.45,"iha_yatis":18.5978966,"iha_hizi":26.34,"zaman_farki":507},{"takim_numarasi":10,"iha_enlem":40.23097,"iha_boylam":29.0075245,"iha_irtifa":68.1,"iha_dikilme":0.0,"iha_yonelme":277.0,"iha_yatis":-2.0,"iha_hizi":61.0,"zaman_farki":118},{"takim_numarasi":13,"iha_enlem":40.23161,"iha_boylam":29.0055428,"iha_irtifa":88.62,"iha_dikilme":0.7690828,"iha_yonelme":272.972382,"iha_yatis":3.5698967,"iha_hizi":16.4651012,"zaman_farki":304}]}
