{"sunucusaati":{"gun":16,"saat":14,"dakika":48,"saniye":25,"milisaniye":813},"konumBilgileri":[{"takim_numarasi":3,"iha_enlem":40.2315636,"iha_boylam":29.0093346,"iha_irtifa":-0.273,"iha_dikilme":-12.320013,"iha_yonelme":187.0,"iha_yatis":21.1791115,"iha_hizi":0.154963478,"zaman_farki":547},{"takim_numarasi":8,"iha_enlem":40.2320442,"iha_boylam":29.00842,"iha_irtifa":93.608,"iha_dikilme":-64.82688,"iha_yonelme":194.99,"iha_yatis":-0.283463478,"iha_hizi":25.52,"zaman_farki":559},{"takim_numarasi":10,"iha_enlem":40.2308731,"iha_boylam":29.0079613,"iha_irtifa":65.2,"iha_dikilme":4.0,"iha_yonelme":264.0,"iha_yatis":10.0,"iha_hizi":55.0,"zaman_farki":813},{"takim_numarasi":13,"iha_enlem":40.2315979,"iha_boylam":29.0059414,"iha_irtifa":87.63,"iha_dikilme":0.3234867,"iha_yonelme":264.496063,"iha_yatis":7.658947,"iha_hizi":17.4280872,"zaman_farki":597}]}
