{"sunucusaati":{"gun":16,"saat":14,"dakika":48,"saniye":16,"milisaniye":352},"konumBilgileri":[{"takim_numarasi":3,"iha_enlem":40.2315636,"iha_boylam":29.0093346,"iha_irtifa":-0.273,"iha_dikilme":-12.320013,"iha_yonelme":187.0,"iha_yatis":21.1791115,"iha_hizi":0.154963478,"zaman_farki":263},{"takim_numarasi":8,"iha_enlem":40.23293,"iha_boylam":29.0082474,"iha_irtifa":102.711,"iha_dikilme":0.459512055,"iha_yonelme":147.11,"iha_yatis":24.9426632,"iha_hizi":16.17,"zaman_farki":96},{"takim_numarasi":10,"iha_enlem":40.2318268,"iha_boylam":29.0087433,"iha_irtifa":66.7,"iha_dikilme":1.0,"iha_yonelme":197.0,"iha_yatis":3.0,"iha_hizi":55.0,"zaman_farki":352},{"takim_numarasi":13,"iha_enlem":40.23248,"iha_boylam":29.0060844,"iha_irtifa":84.31,"iha_dikilme":-2.31226683,"iha_yonelme":85.1762,"iha_yatis":40.26043,"iha_hizi":23.0965347,"zaman_farki":1376}]}
