{"sunucusaati":{"gun":16,"saat":14,"dakika":48,"saniye":10,"milisaniye":63},"konumBilgileri":[{"takim_numarasi":3,"iha_enlem":40.2315636,"iha_boylam":29.0093346,"iha_irtifa":-0.273,"iha_dikilme":-12.320013,"iha_yonelme":187.0,"iha_yatis":21.1791115,"iha_hizi":0.154963478,"zaman_farki":372},{"takim_numarasi":8,"iha_enlem":40.2326355,"iha_boylam":29.0073357,"iha_irtifa":105.311,"iha_dikilme":6.99318743,"iha_yonelme":10.46,"iha_yatis":30.3711662,"iha_hizi":18.59,"zaman_farki":-194},{"takim_numarasi":10,"iha_enlem":40.2324638,"iha_boylam":29.0079918,"iha_irtifa":68.0,"iha_dikilme":1.0,"iha_yonelme":93.0,"iha_yatis":-11.0,"iha_hizi":72.0,"zaman_farki":741},{"takim_numarasi":13,"iha_enlem":40.23175,"iha_boylam":29.0054111,"iha_irtifa":84.93,"iha_dikilme":-2.88189936,"iha_yonelme":342.238342,"iha_yatis":24.7421532,"iha_hizi":19.6532059,"zaman_farki":587}]}
