{"sunucusaati":{"gun":16,"saat":14,"dakika":49,"saniye":12,"milisaniye":552},"konumBilgileri":[{"takim_numarasi":3,"iha_enlem":40.2315636,"iha_boylam":29.0093346,"iha_irtifa":-0.273,"iha_dikilme":-12.320013,"iha_yonelme":187.0,"iha_yatis":21.1791115,"iha_hizi":0.154963478,"zaman_farki":657},{"takim_numarasi":8,"iha_enlem":40.23156,"iha_boylam":29.00831,"iha_irtifa":121.436,"iha_dikilme":6.43028927,"iha_yonelme":250.08,"iha_yatis":17.3126488,"iha_hizi":13.56,"zaman_farki":297},{"takim_numarasi":10,"iha_enlem":40.2310524,"iha_boylam":29.0072441,"iha_irtifa":67.5,"iha_dikilme":0.0,"iha_yonelme":274.0,"iha_yatis":0.0,"iha_hizi":63.0,"zaman_farki":552},{"takim_numarasi":13,"iha_enlem":40.23196,"iha_boylam":29.0055561,"iha_irtifa":86.35,"iha_dikilme":2.22984457,"iha_yonelme":324.6417,"iha_yatis":32.8588638,"iha_hizi":21.896574,"zaman_farki":1395}]}
