{"sunucusaati":{"gun":16,"saat":14,"dakika":47,"saniye":31,"milisaniye":879},"konumBilgileri":[{"takim_numarasi":3,"iha_enlem":40.2315636,"iha_boylam":29.0093346,"iha_irtifa":-0.273,"iha_dikilme":-12.320013,"iha_yonelme":187.0,"iha_yatis":21.1791115,"iha_hizi":0.154963478,"zaman_farki":595},{"takim_numarasi":8,"iha_enlem":40.2323532,"iha_boylam":29.008707,"iha_irtifa":103.769,"iha_dikilme":10.375598,"iha_yonelme":212.25,"iha_yatis":14.3571148,"iha_hizi":11.9,"zaman_farki":623},{"takim_numarasi":10,"iha_enlem":40.2318573,"iha_boylam":29.0086918,"iha_irtifa":67.8,"iha_dikilme":1.0,"iha_yonelme":193.0,"iha_yatis":3.0,"iha_hizi":55.0,"zaman_farki":879},{"takim_numarasi":13,"iha_enlem":40.2303658,"iha_boylam":29.0072937,"iha_irtifa":38.95,"iha_dikilme":7.76909161,"iha_yonelme":215.034866,"iha_yatis":33.2455826,"iha_hizi":18.1846447,"zaman_farki":421}]}
