{"sunucusaati":{"gun":16,"saat":14,"dakika":47,"saniye":40,"milisaniye":314},"konumBilgileri":[{"takim_numarasi":3,"iha_enlem":40.2315636,"iha_boylam":29.0093346,"iha_irtifa":-0.273,"iha_dikilme":-12.320013,"iha_yonelme":187.0,"iha_yatis":21.1791115,"iha_hizi":0.154963478,"zaman_farki":-116},{"takim_numarasi":8,"iha_enlem":40.23211,"iha_boylam":29.007597,"iha_irtifa":103.575,"iha_dikilme":8.767861,"iha_yonelme":300.12,"iha_yatis":19.7928257,"iha_hizi":14.69,"zaman_farki":59},{"takim_numarasi":10,"iha_enlem":40.23092,"iha_boylam":29.0080872,"iha_irtifa":68.6,"iha_dikilme":0.0,"iha_yonelme":266.0,"iha_yatis":15.0,"iha_hizi":57.0,"zaman_farki":314},{"takim_numarasi":13,"iha_enlem":40.2306557,"iha_boylam":29.00598,"iha_irtifa":37.98,"iha_dikilme":-4.60766268,"iha_yonelme":318.67688,"iha_yatis":35.7225838,"iha_hizi":21.9454212,"zaman_farki":1098}]}
