{"sunucusaati":{"gun":16,"saat":14,"dakika":48,"saniye":12,"milisaniye":870},"konumBilgileri":[{"takim_numarasi":3,"iha_enlem":40.2315636,"iha_boylam":29.0093346,"iha_irtifa":-0.273,"iha_dikilme":-12.320013,"iha_yonelme":187.0,"iha_yatis":21.1791115,"iha_hizi":0.154963478,"zaman_farki":439},{"takim_numarasi":8,"iha_enlem":40.23293,"iha_boylam":29.0075474,"iha_irtifa":105.311,"iha_dikilme":7.85313845,"iha_yonelme":57.32,"iha_yatis":32.7374077,"iha_hizi":18.71,"zaman_farki":615},{"takim_numarasi":10,"iha_enlem":40.2323151,"iha_boylam":29.0086155,"iha_irtifa":65.7,"iha_dikilme":0.0,"iha_yonelme":161.0,"iha_yatis":20.0,"iha_hizi":65.0,"zaman_farki":594},{"takim_numarasi":13,"iha_enlem":40.2320251,"iha_boylam":29.0054321,"iha_irtifa":83.16,"iha_dikilme":-0.5531815,"iha_yonelme":8.654808,"iha_yatis":32.41725,"iha_hizi":21.4756241,"zaman_farki":1894}]}
