{"sunucusaati":{"gun":16,"saat":14,"dakika":48,"saniye":20,"milisaniye":252},"konumBilgileri":[{"takim_numarasi":3,"iha_enlem":40.2315636,"iha_boylam":29.0093346,"iha_irtifa":-0.273,"iha_dikilme":-12.320013,"iha_yonelme":187.0,"iha_yatis":21.1791115,"iha_hizi":0.154963478,"zaman_farki":482},{"takim_numarasi":8,"iha_enlem":40.2324829,"iha_boylam":29.0084553,"iha_irtifa":95.565,"iha_dikilme":25.525116,"iha_yonelme":189.13,"iha_yatis":11.9135923,"iha_hizi":11.01,"zaman_farki":-3},{"takim_numarasi":10,"iha_enlem":40.23144,"iha_boylam":29.008604,"iha_irtifa":67.1,"iha_dikilme":0.0,"iha_yonelme":201.0,"iha_yatis":0.0,"iha_hizi":53.0,"zaman_farki":309},{"takim_numarasi":13,"iha_enlem":40.23199,"iha_boylam":29.0069046,"iha_irtifa":86.27,"iha_dikilme":0.0138337472,"iha_yonelme":185.458023,"iha_yatis":42.92435,"iha_hizi":19.0806961,"zaman_farki":536}]}
