{"sunucusaati":{"gun":16,"saat":14,"dakika":47,"saniye":58,"milisaniye":234},"konumBilgileri":[{"takim_numarasi":3,"iha_enlem":40.2315636,"iha_boylam":29.0093346,"iha_irtifa":-0.273,"iha_dikilme":-12.320013,"iha_yonelme":187.0,"iha_yatis":21.1791115,"iha_hizi":0.154963478,"zaman_farki":451},{"takim_numarasi":8,"iha_enlem":40.2322159,"iha_boylam":29.0086441,"iha_irtifa":106.206,"iha_dikilme":13.8809347,"iha_yonelme":221.59,"iha_yatis":18.1507969,"iha_hizi":10.75,"zaman_farki":-21},{"takim_numarasi":10,"iha_enlem":40.23108,"iha_boylam":29.0074711,"iha_irtifa":67.8,"iha_dikilme":0.0,"iha_yonelme":279.0,"iha_yatis":-7.0,"iha_hizi":64.0,"zaman_farki":15004},{"takim_numarasi":13,"iha_enlem":40.22966,"iha_boylam":29.0066242,"iha_irtifa":40.0,"iha_dikilme":7.19702864,"iha_yonelme":256.935638,"iha_yatis":40.9244041,"iha_hizi":19.52367,"zaman_farki":1276}]}
