{"sunucusaati":{"gun":16,"saat":14,"dakika":49,"saniye":8,"milisaniye":754},"konumBilgileri":[{"takim_numarasi":3,"iha_enlem":40.2315636,"iha_boylam":29.0093346,"iha_irtifa":-0.273,"iha_dikilme":-12.320013,"iha_yonelme":187.0,"iha_yatis":21.1791115,"iha_hizi":0.154963478,"zaman_farki":528},{"takim_numarasi":8,"iha_enlem":40.2318535,"iha_boylam":29.0087738,"iha_irtifa":121.405,"iha_dikilme":8.6038065,"iha_yonelme":216.46,"iha_yatis":17.0802059,"iha_hizi":13.14,"zaman_farki":499},{"takim_numarasi":10,"iha_enlem":40.2309036,"iha_boylam":29.0080528,"iha_irtifa":65.2,"iha_dikilme":1.0,"iha_yonelme":271.0,"iha_yatis":11.0,"iha_hizi":58.0,"zaman_farki":754},{"takim_numarasi":13,"iha_enlem":40.2316,"iha_boylam":29.00603,"iha_irtifa":86.81,"iha_dikilme":-1.98367727,"iha_yonelme":277.93808,"iha_yatis":30.3406734,"iha_hizi":17.5173512,"zaman_farki":597}]}
