{"sunucusaati":{"gun":16,"saat":14,"dakika":47,"saniye":9,"milisaniye":904},"konumBilgileri":[{"takim_numarasi":3,"iha_enlem":40.2315636,"iha_boylam":29.0093346,"iha_irtifa":-0.273,"iha_dikilme":-12.320013,"iha_yonelme":187.0,"iha_yatis":21.1791115,"iha_hizi":0.154963478,"zaman_farki":553},{"takim_numarasi":8,"iha_enlem":40.23202,"iha_boylam":29.0083389,"iha_irtifa":103.704,"iha_dikilme":11.4334593,"iha_yonelme":245.27,"iha_yatis":16.7650166,"iha_hizi":10.73,"zaman_farki":649},{"takim_numarasi":10,"iha_enlem":40.2312126,"iha_boylam":29.0063515,"iha_irtifa":71.3,"iha_dikilme":-1.0,"iha_yonelme":275.0,"iha_yatis":-11.0,"iha_hizi":63.0,"zaman_farki":5904},{"takim_numarasi":13,"iha_enlem":40.2313,"iha_boylam":29.0092678,"iha_irtifa":-9.72,"iha_dikilme":7.51372862,"iha_yonelme":11.553297,"iha_yatis":1.55127907,"iha_hizi":0.0228360463,"zaman_farki":1028}]}
