{"sunucusaati":{"gun":16,"saat":14,"dakika":47,"saniye":1,"milisaniye":787},"konumBilgileri":[{"takim_numarasi":3,"iha_enlem":40.2315636,"iha_boylam":29.0093346,"iha_irtifa":-0.273,"iha_dikilme":-12.320013,"iha_yonelme":187.0,"iha_yatis":21.1791115,"iha_hizi":0.154963478,"zaman_farki":684},{"takim_numarasi":8,"iha_enlem":40.2325249,"iha_boylam":29.00804,"iha_irtifa":101.286,"iha_dikilme":10.6564407,"iha_yonelme":95.48,"iha_yatis":-0.116772711,"iha_hizi":17.07,"zaman_farki":533},{"takim_numarasi":10,"iha_enlem":40.2308922,"iha_boylam":29.0071926,"iha_irtifa":71.3,"iha_dikilme":-3.0,"iha_yonelme":293.0,"iha_yatis":-10.0,"iha_hizi":67.0,"zaman_farki":1787},{"takim_numarasi":13,"iha_enlem":40.2313042,"iha_boylam":29.0092659,"iha_irtifa":-9.75,"iha_dikilme":8.046876,"iha_yonelme":11.7859907,"iha_yatis":1.408865,"iha_hizi":0.02107135,"zaman_farki":1232}]}
