{"sunucusaati":{"gun":16,"saat":14,"dakika":48,"saniye":35,"milisaniye":171},"konumBilgileri":[{"takim_numarasi":3,"iha_enlem":40.2315636,"iha_boylam":29.0093346,"iha_irtifa":-0.273,"iha_dikilme":-12.320013,"iha_yonelme":187.0,"iha_yatis":21.1791115,"iha_hizi":0.154963478,"zaman_farki":759},{"takim_numarasi":8,"iha_enlem":40.2317543,"iha_boylam":29.0073986,"iha_irtifa":134.825,"iha_dikilme":-13.5482016,"iha_yonelme":21.09,"iha_yatis":61.04479,"iha_hizi":18.94,"zaman_farki":-84},{"takim_numarasi":10,"iha_enlem":40.2311554,"iha_boylam":29.006752,"iha_irtifa":69.4,"iha_dikilme":-2.0,"iha_yonelme":275.0,"iha_yatis":-5.0,"iha_hizi":62.0,"zaman_farki":3895},{"takim_numarasi":13,"iha_enlem":40.2316437,"iha_boylam":29.00425,"iha_irtifa":86.8,"iha_dikilme":4.45327568,"iha_yonelme":250.019974,"iha_yatis":-21.7387848,"iha_hizi":15.2323437,"zaman_farki":955}]}
