{"sunucusaati":{"gun":16,"saat":14,"dakika":47,"saniye":32,"milisaniye":823},"konumBilgileri":[{"takim_numarasi":3,"iha_enlem":40.2315636,"iha_boylam":29.0093346,"iha_irtifa":-0.273,"iha_dikilme":-12.320013,"iha_yonelme":187.0,"iha_yatis":21.1791115,"iha_hizi":0.154963478,"zaman_farki":630},{"takim_numarasi":8,"iha_enlem":40.2322578,"iha_boylam":29.0086479,"iha_irtifa":103.769,"iha_dikilme":10.2626638,"iha_yonelme":219.41,"iha_yatis":13.2790508,"iha_hizi":11.99,"zaman_farki":568},{"takim_numarasi":10,"iha_enlem":40.2317772,"iha_boylam":29.0086842,"iha_irtifa":67.3,"iha_dikilme":1.0,"iha_yonelme":197.0,"iha_yatis":1.0,"iha_hizi":55.0,"zaman_farki":639},{"takim_numarasi":13,"iha_enlem":40.23026,"iha_boylam":29.00714,"iha_irtifa":40.68,"iha_dikilme":4.786491,"iha_yonelme":227.616425,"iha_yatis":34.6732941,"iha_hizi":17.6359959,"zaman_farki":365}]}
