{"sunucusaati":{"gun":16,"saat":14,"dakika":47,"saniye":10,"milisaniye":842},"konumBilgileri":[{"takim_numarasi":3,"iha_enlem":40.2315636,"iha_boylam":29.0093346,"iha_irtifa":-0.273,"iha_dikilme":-12.320013,"iha_yonelme":187.0,"iha_yatis":21.1791115,"iha_hizi":0.154963478,"zaman_farki":593},{"takim_numarasi":8,"iha_enlem":40.232,"iha_boylam":29.008213,"iha_irtifa":103.704,"iha_dikilme":10.7508,"iha_yonelme":253.06,"iha_yatis":13.0835724,"iha_hizi":11.47,"zaman_farki":587},{"takim_numarasi":10,"iha_enlem":40.2312126,"iha_boylam":29.0063515,"iha_irtifa":71.3,"iha_dikilme":-1.0,"iha_yonelme":275.0,"iha_yatis":-11.0,"iha_hizi":63.0,"zaman_farki":6842},{"takim_numarasi":13,"iha_enlem":40.2313042,"iha_boylam":29.0092659,"iha_irtifa":-9.08,"iha_dikilme":27.7477264,"iha_yonelme":7.60469341,"iha_yatis":-10.5132313,"iha_hizi":1.50303316,"zaman_farki":647}]}
