{"sunucusaati":{"gun":16,"saat":14,"dakika":48,"saniye":24,"milisaniye":891},"konumBilgileri":[{"takim_numarasi":3,"iha_enlem":40.2315636,"iha_boylam":29.0093346,"iha_irtifa":-0.273,"iha_dikilme":-12.320013,"iha_yonelme":187.0,"iha_yatis":21.1791115,"iha_hizi":0.154963478,"zaman_farki":551},{"takim_numarasi":8,"iha_enlem":40.23211,"iha_boylam":29.0084343,"iha_irtifa":93.608,"iha_dikilme":-56.120472,"iha_yonelme":193.05,"iha_yatis":2.18045568,"iha_hizi":18.78,"zaman_farki":637},{"takim_numarasi":10,"iha_enlem":40.23088,"iha_boylam":29.0081024,"iha_irtifa":64.9,"iha_dikilme":0.0,"iha_yonelme":260.0,"iha_yatis":26.0,"iha_hizi":53.0,"zaman_farki":891},{"takim_numarasi":13,"iha_enlem":40.2316,"iha_boylam":29.0061989,"iha_irtifa":85.91,"iha_dikilme":3.29020619,"iha_yonelme":259.487244,"iha_yatis":13.1566792,"iha_hizi":18.2590847,"zaman_farki":675}]}
