{"sunucusaati":{"gun":16,"saat":14,"dakika":46,"saniye":47,"milisaniye":465},"konumBilgileri":[{"takim_numarasi":3,"iha_enlem":40.2315636,"iha_boylam":29.0093346,"iha_irtifa":-0.273,"iha_dikilme":-12.320013,"iha_yonelme":187.0,"iha_yatis":21.1791115,"iha_hizi":0.154963478,"zaman_farki":70},{"takim_numarasi":8,"iha_enlem":40.2318535,"iha_boylam":29.0065479,"iha_irtifa":82.033,"iha_dikilme":13.943367,"iha_yonelme":264.48,"iha_yatis":46.10928,"iha_hizi":15.81,"zaman_farki":210},{"takim_numarasi":10,"iha_enlem":40.2310944,"iha_boylam":29.0087738,"iha_irtifa":71.7,"iha_dikilme":-1.0,"iha_yonelme":190.0,"iha_yatis":-14.0,"iha_hizi":69.0,"zaman_farki":1465},{"takim_numarasi":13,"iha_enlem":40.231308,"iha_boylam":29.0092621,"iha_irtifa":-9.68,"iha_dikilme":8.07469749,"iha_yonelme":11.8745413,"iha_yatis":1.50651491,"iha_hizi":0.005246728,"zaman_farki":1129}]}
