{"sunucusaati":{"gun":16,"saat":14,"dakika":45,"saniye":49,"milisaniye":779},"konumBilgileri":[{"takim_numarasi":3,"iha_enlem":40.2315636,"iha_boylam":29.0093346,"iha_irtifa":-0.273,"iha_dikilme":-12.320013,"iha_yonelme":187.0,"iha_yatis":21.1791115,"iha_hizi":0.154963478,"zaman_farki":39},{"takim_numarasi":8,"iha_enlem":40.2321,"iha_boylam":29.0088768,"iha_irtifa":-0.267,"iha_dikilme":1.53215575,"iha_yonelme":302.03,"iha_yatis":1.13356924,"iha_hizi":18.06,"zaman_farki":525},{"takim_numarasi":10,"iha_enlem":40.2322121,"iha_boylam":29.0091839,"iha_irtifa":4.3,"iha_dikilme":-1.0,"iha_yonelme":25.0,"iha_yatis":-1.0,"iha_hizi":0.0,"zaman_farki":65882},{"takim_numarasi":13,"iha_enlem":40.2313042,"iha_boylam":29.0092888,"iha_irtifa":-9.68,"iha_dikilme":8.114513,"iha_yonelme":13.5801477,"iha_yatis":1.49778521,"iha_hizi":0.0262451433,"zaman_farki":114744}]}
