{"sunucusaati":{"gun":16,"saat":14,"dakika":46,"saniye":43,"milisaniye":749},"konumBilgileri":[{"takim_numarasi":3,"iha_enlem":40.2315636,"iha_boylam":29.0093346,"iha_irtifa":-0.273,"iha_dikilme":-12.320013,"iha_yonelme":187.0,"iha_yatis":21.1791115,"iha_hizi":0.154963478,"zaman_farki":18},{"takim_numarasi":8,"iha_enlem":40.2322464,"iha_boylam":29.0070114,"iha_irtifa":80.272,"iha_dikilme":14.3679676,"iha_yonelme":204.98,"iha_yatis":2.31240153,"iha_hizi":15.7,"zaman_farki":495},{"takim_numarasi":10,"iha_enlem":40.23151,"iha_boylam":29.0089417,"iha_irtifa":55.9,"iha_dikilme":22.0,"iha_yonelme":195.0,"iha_yatis":-5.0,"iha_hizi":52.0,"zaman_farki":749},{"takim_numarasi":13,"iha_enlem":40.231308,"iha_boylam":29.0092621,"iha_irtifa":-9.66,"iha_dikilme":8.030989,"iha_yonelme":11.8940792,"iha_yatis":1.52418351,"iha_hizi":0.0484688766,"zaman_farki":413}]}
