{"sunucusaati":{"gun":16,"saat":14,"dakika":49,"saniye":6,"milisaniye":889},"konumBilgileri":[{"takim_numarasi":3,"iha_enlem":40.2315636,"iha_boylam":29.0093346,"iha_irtifa":-0.273,"iha_dikilme":-12.320013,"iha_yonelme":187.0,"iha_yatis":21.1791115,"iha_hizi":0.154963478,"zaman_farki":484},{"takim_numarasi":8,"iha_enlem":40.2320824,"iha_boylam":29.0088463,"iha_irtifa":122.236,"iha_dikilme":7.860565,"iha_yonelme":197.16,"iha_yatis":18.7585716,"iha_hizi":13.37,"zaman_farki":634},{"takim_numarasi":10,"iha_enlem":40.23095,"iha_boylam":29.0083447,"iha_irtifa":65.0,"iha_dikilme":0.0,"iha_yonelme":241.0,"iha_yatis":35.0,"iha_hizi":56.0,"zaman_farki":889},{"takim_numarasi":13,"iha_enlem":40.2315826,"iha_boylam":29.0064659,"iha_irtifa":87.7,"iha_dikilme":-6.028113,"iha_yonelme":256.484344,"iha_yatis":24.1928883,"iha_hizi":16.4577847,"zaman_farki":1173}]}
