{"sunucusaati":{"gun":16,"saat":14,"dakika":46,"saniye":56,"milisaniye":143},"konumBilgileri":[{"takim_numarasi":3,"iha_enlem":40.2315636,"iha_boylam":29.0093346,"iha_irtifa":-0.273,"iha_dikilme":-12.320013,"iha_yonelme":187.0,"iha_yatis":21.1791115,"iha_hizi":0.154963478,"zaman_farki":517},{"takim_numarasi":8,"iha_enlem":40.2325249,"iha_boylam":29.0071411,"iha_irtifa":84.578,"iha_dikilme":28.391468,"iha_yonelme":112.16,"iha_yatis":14.7690134,"iha_hizi":14.67,"zaman_farki":-113},{"takim_numarasi":10,"iha_enlem":40.2303772,"iha_boylam":29.0079079,"iha_irtifa":73.3,"iha_dikilme":0.0,"iha_yonelme":299.0,"iha_yatis":-3.0,"iha_hizi":69.0,"zaman_farki":683},{"takim_numarasi":13,"iha_enlem":40.2313042,"iha_boylam":29.009264,"iha_irtifa":-9.68,"iha_dikilme":8.079546,"iha_yonelme":11.8131428,"iha_yatis":1.50796521,"iha_hizi":0.0508632064,"zaman_farki":928}]}
