{"sunucusaati":{"gun":16,"saat":14,"dakika":47,"saniye":43,"milisaniye":135},"konumBilgileri":[{"takim_numarasi":3,"iha_enlem":40.2315636,"iha_boylam":29.0093346,"iha_irtifa":-0.273,"iha_dikilme":-12.320013,"iha_yonelme":187.0,"iha_yatis":21.1791115,"iha_hizi":0.154963478,"zaman_farki":-56},{"takim_numarasi":8,"iha_enlem":40.23248,"iha_boylam":29.00733,"iha_irtifa":103.922,"iha_dikilme":8.802681,"iha_yonelme":351.67,"iha_yatis":27.8502884,"iha_hizi":17.43,"zaman_farki":-120},{"takim_numarasi":10,"iha_enlem":40.2309952,"iha_boylam":29.0077438,"iha_irtifa":69.6,"iha_dikilme":-2.0,"iha_yonelme":279.0,"iha_yatis":-1.0,"iha_hizi":62.0,"zaman_farki":1951},{"takim_numarasi":13,"iha_enlem":40.2311974,"iha_boylam":29.0063057,"iha_irtifa":36.52,"iha_dikilme":-0.6143959,"iha_yonelme":55.6686745,"iha_yatis":43.6393547,"iha_hizi":25.20645,"zaman_farki":1177}]}
