{"sunucusaati":{"gun":16,"saat":14,"dakika":48,"saniye":56,"milisaniye":909},"konumBilgileri":[{"takim_numarasi":3,"iha_enlem":40.2315636,"iha_boylam":29.0093346,"iha_irtifa":-0.273,"iha_dikilme":-12.320013,"iha_yonelme":187.0,"iha_yatis":21.1791115,"iha_hizi":0.154963478,"zaman_farki":557},{"takim_numarasi":8,"iha_enlem":40.23232,"iha_boylam":29.0074921,"iha_irtifa":122.825,"iha_dikilme":6.690088,"iha_yonelme":24.72,"iha_yatis":28.60886,"iha_hizi":18.4,"zaman_farki":655},{"takim_numarasi":10,"iha_enlem":40.2323761,"iha_boylam":29.0085812,"iha_irtifa":65.8,"iha_dikilme":1.0,"iha_yonelme":153.0,"iha_yatis":20.0,"iha_hizi":66.0,"zaman_farki":495},{"takim_numarasi":13,"iha_enlem":40.2327881,"iha_boylam":29.0065479,"iha_irtifa":87.46,"iha_dikilme":-0.439562261,"iha_yonelme":104.36441,"iha_yatis":48.661377,"iha_hizi":23.9903679,"zaman_farki":951}]}
