{"sunucusaati":{"gun":16,"saat":14,"dakika":48,"saniye":52,"milisaniye":915},"konumBilgileri":[{"takim_numarasi":3,"iha_enlem":40.2315636,"iha_boylam":29.0093346,"iha_irtifa":-0.273,"iha_dikilme":-12.320013,"iha_yonelme":187.0,"iha_yatis":21.1791115,"iha_hizi":0.154963478,"zaman_farki":226},{"takim_numarasi":8,"iha_enlem":40.2317467,"iha_boylam":29.00755,"iha_irtifa":118.747,"iha_dikilme":11.4342852,"iha_yonelme":318.99,"iha_yatis":24.2273254,"iha_hizi":14.53,"zaman_farki":660},{"takim_numarasi":10,"iha_enlem":40.2325668,"iha_boylam":29.0077362,"iha_irtifa":69.2,"iha_dikilme":-3.0,"iha_yonelme":102.0,"iha_yatis":-7.0,"iha_hizi":74.0,"zaman_farki":915},{"takim_numarasi":13,"iha_enlem":40.23227,"iha_boylam":29.00561,"iha_irtifa":88.07,"iha_dikilme":-2.206138,"iha_yonelme":6.894824,"iha_yatis":26.1613827,"iha_hizi":22.6397266,"zaman_farki":1457}]}
