{"sunucusaati":{"gun":16,"saat":14,"dakika":48,"saniye":55,"milisaniye":784},"konumBilgileri":[{"takim_numarasi":3,"iha_enlem":40.2315636,"iha_boylam":29.0093346,"iha_irtifa":-0.273,"iha_dikilme":-12.320013,"iha_yonelme":187.0,"iha_yatis":21.1791115,"iha_hizi":0.154963478,"zaman_farki":345},{"takim_numarasi":8,"iha_enlem":40.2321625,"iha_boylam":29.0074272,"iha_irtifa":122.825,"iha_dikilme":8.970809,"iha_yonelme":5.82,"iha_yatis":25.806612,"iha_hizi":17.25,"zaman_farki":529},{"takim_numarasi":10,"iha_enlem":40.2324677,"iha_boylam":29.00845,"iha_irtifa":65.4,"iha_dikilme":-2.0,"iha_yonelme":149.0,"iha_yatis":36.0,"iha_hizi":72.0,"zaman_farki":784},{"takim_numarasi":13,"iha_enlem":40.2327652,"iha_boylam":29.0061951,"iha_irtifa":87.8,"iha_dikilme":-1.46683824,"iha_yonelme":70.95434,"iha_yatis":41.6748924,"iha_hizi":24.5710011,"zaman_farki":826}]}
