{"sunucusaati":{"gun":16,"saat":14,"dakika":47,"saniye":20,"milisaniye":167},"konumBilgileri":[{"takim_numarasi":3,"iha_enlem":40.2315636,"iha_boylam":29.0093346,"iha_irtifa":-0.273,"iha_dikilme":-12.320013,"iha_yonelme":187.0,"iha_yatis":21.1791115,"iha_hizi":0.154963478,"zaman_farki":769},{"takim_numarasi":8,"iha_enlem":40.2329254,"iha_boylam":29.0075378,"iha_irtifa":104.523,"iha_dikilme":5.95054674,"iha_yonelme":56.27,"iha_yatis":35.6422462,"iha_hizi":19.8,"zaman_farki":-88},{"takim_numarasi":10,"iha_enlem":40.2326546,"iha_boylam":29.0065613,"iha_irtifa":68.3,"iha_dikilme":0.0,"iha_yonelme":99.0,"iha_yatis":0.0,"iha_hizi":69.0,"zaman_farki":293},{"takim_numarasi":13,"iha_enlem":40.23133,"iha_boylam":29.0090561,"iha_irtifa":-7.68,"iha_dikilme":15.6180134,"iha_yonelme":286.8391,"iha_yatis":6.48343468,"iha_hizi":1.14554667,"zaman_farki":831}]}
