{"sunucusaati":{"gun":16,"saat":14,"dakika":48,"saniye":18,"milisaniye":305},"konumBilgileri":[{"takim_numarasi":3,"iha_enlem":40.2315636,"iha_boylam":29.0093346,"iha_irtifa":-0.273,"iha_dikilme":-12.320013,"iha_yonelme":187.0,"iha_yatis":21.1791115,"iha_hizi":0.154963478,"zaman_farki":367},{"takim_numarasi":8,"iha_enlem":40.2326851,"iha_boylam":29.0084133,"iha_irtifa":92.839,"iha_dikilme":22.1249771,"iha_yonelme":176.68,"iha_yatis":16.5045071,"iha_hizi":14.14,"zaman_farki":50},{"takim_numarasi":10,"iha_enlem":40.23167,"iha_boylam":29.0086956,"iha_irtifa":67.3,"iha_dikilme":1.0,"iha_yonelme":197.0,"iha_yatis":1.0,"iha_hizi":53.0,"zaman_farki":1006},{"takim_numarasi":13,"iha_enlem":40.2323532,"iha_boylam":29.0067062,"iha_irtifa":84.34,"iha_dikilme":-2.71076727,"iha_yonelme":136.291168,"iha_yatis":41.07206,"iha_hizi":22.0654411,"zaman_farki":829}]}
