{"sunucusaati":{"gun":16,"saat":14,"dakika":46,"saniye":30,"milisaniye":481},"konumBilgileri":[{"takim_numarasi":3,"iha_enlem":40.2315636,"iha_boylam":29.0093346,"iha_irtifa":-0.273,"iha_dikilme":-12.320013,"iha_yonelme":187.0,"iha_yatis":21.1791115,"iha_hizi":0.154963478,"zaman_farki":467},{"takim_numarasi":8,"iha_enlem":40.2332077,"iha_boylam":29.0087013,"iha_irtifa":49.676,"iha_dikilme":12.4180031,"iha_yonelme":236.07,"iha_yatis":5.492979,"iha_hizi":12.51,"zaman_farki":226},{"takim_numarasi":10,"iha_enlem":40.2321968,"iha_boylam":29.0090122,"iha_irtifa":7.0,"iha_dikilme":0.0,"iha_yonelme":168.0,"iha_yatis":-5.0,"iha_hizi":1.0,"zaman_farki":-186},{"takim_numarasi":13,"iha_enlem":40.2313042,"iha_boylam":29.0092678,"iha_irtifa":-9.77,"iha_dikilme":8.064833,"iha_yonelme":11.8102856,"iha_yatis":1.51891649,"iha_hizi":0.0153049184,"zaman_farki":885}]}
