{"sunucusaati":{"gun":16,"saat":14,"dakika":48,"saniye":58,"milisaniye":839},"konumBilgileri":[{"takim_numarasi":3,"iha_enlem":40.2315636,"iha_boylam":29.0093346,"iha_irtifa":-0.273,"iha_dikilme":-12.320013,"iha_yonelme":187.0,"iha_yatis":21.1791115,"iha_hizi":0.154963478,"zaman_farki":666},{"takim_numarasi":8,"iha_enlem":40.2325668,"iha_boylam":29.0077915,"iha_irtifa":122.361,"iha_dikilme":6.349227,"iha_yonelme":72.56,"iha_yatis":33.6257248,"iha_hizi":18.75,"zaman_farki":583},{"takim_numarasi":10,"iha_enlem":40.2320557,"iha_boylam":29.0087471,"iha_irtifa":68.4,"iha_dikilme":-2.0,"iha_yonelme":187.0,"iha_yatis":9.0,"iha_hizi":63.0,"zaman_farki":839},{"takim_numarasi":13,"iha_enlem":40.2325821,"iha_boylam":29.00697,"iha_irtifa":87.68,"iha_dikilme":-1.06200671,"iha_yonelme":143.435364,"iha_yatis":37.03358,"iha_hizi":22.1036777,"zaman_farki":682}]}
