{"sunucusaati":{"gun":16,"saat":14,"dakika":46,"saniye":50,"milisaniye":376},"konumBilgileri":[{"takim_numarasi":3,"iha_enlem":40.2315636,"iha_boylam":29.0093346,"iha_irtifa":-0.273,"iha_dikilme":-12.320013,"iha_yonelme":187.0,"iha_yatis":21.1791115,"iha_hizi":0.154963478,"zaman_farki":227},{"takim_numarasi":8,"iha_enlem":40.2321053,"iha_boylam":29.0061874,"iha_irtifa":96.759,"iha_dikilme":3.4506948,"iha_yonelme":11.08,"iha_yatis":52.7587166,"iha_hizi":17.3,"zaman_farki":121},{"takim_numarasi":10,"iha_enlem":40.2310944,"iha_boylam":29.0087738,"iha_irtifa":71.7,"iha_dikilme":-1.0,"iha_yonelme":190.0,"iha_yatis":-14.0,"iha_hizi":69.0,"zaman_farki":4376},{"takim_numarasi":13,"iha_enlem":40.2313042,"iha_boylam":29.0092621,"iha_irtifa":-9.65,"iha_dikilme":8.069542,"iha_yonelme":11.8662338,"iha_yatis":1.50236022,"iha_hizi":0.02631111,"zaman_farki":481}]}
