{"sunucusaati":{"gun":16,"saat":14,"dakika":47,"saniye":15,"milisaniye":516},"konumBilgileri":[{"takim_numarasi":3,"iha_enlem":40.2315636,"iha_boylam":29.0093346,"iha_irtifa":-0.273,"iha_dikilme":-12.320013,"iha_yonelme":187.0,"iha_yatis":21.1791115,"iha_hizi":0.154963478,"zaman_farki":680},{"takim_numarasi":8,"iha_enlem":40.2321739,"iha_boylam":29.0074978,"iha_irtifa":103.405,"iha_dikilme":10.275733,"iha_yonelme":310.17,"iha_yatis":22.6799965,"iha_hizi":15.69,"zaman_farki":261},{"takim_numarasi":10,"iha_enlem":40.2321777,"iha_boylam":29.0055676,"iha_irtifa":70.5,"iha_dikilme":-2.0,"iha_yonelme":24.0,"iha_yatis":-4.0,"iha_hizi":75.0,"zaman_farki":1826},{"takim_numarasi":13,"iha_enlem":40.2313156,"iha_boylam":29.00915,"iha_irtifa":-7.72,"iha_dikilme":7.26965427,"iha_yonelme":266.15744,"iha_yatis":-9.452167,"iha_hizi":2.491843,"zaman_farki":1321}]}
