{"sunucusaati":{"gun":16,"saat":14,"dakika":47,"saniye":8,"milisaniye":53},"konumBilgileri":[{"takim_numarasi":3,"iha_enlem":40.2315636,"iha_boylam":29.0093346,"iha_irtifa":-0.273,"iha_dikilme":-12.320013,"iha_yonelme":187.0,"iha_yatis":21.1791115,"iha_hizi":0.154963478,"zaman_farki":533},{"takim_numarasi":8,"iha_enlem":40.2320633,"iha_boylam":29.00845,"iha_irtifa":103.584,"iha_dikilme":11.1007872,"iha_yonelme":234.62,"iha_yatis":20.4238853,"iha_hizi":10.21,"zaman_farki":-203},{"takim_numarasi":10,"iha_enlem":40.2312126,"iha_boylam":29.0063515,"iha_irtifa":71.3,"iha_dikilme":-1.0,"iha_yonelme":275.0,"iha_yatis":-11.0,"iha_hizi":63.0,"zaman_farki":4053},{"takim_numarasi":13,"iha_enlem":40.2313042,"iha_boylam":29.0092678,"iha_irtifa":-9.73,"iha_dikilme":8.066867,"iha_yonelme":11.69537,"iha_yatis":1.549373,"iha_hizi":0.0249494985,"zaman_farki":1838}]}
