{"sunucusaati":{"gun":16,"saat":14,"dakika":47,"saniye":42,"milisaniye":188},"konumBilgileri":[{"takim_numarasi":3,"iha_enlem":40.2315636,"iha_boylam":29.0093346,"iha_irtifa":-0.273,"iha_dikilme":-12.320013,"iha_yonelme":187.0,"iha_yatis":21.1791115,"iha_hizi":0.154963478,"zaman_farki":-78},{"takim_numarasi":8,"iha_enlem":40.23233,"iha_boylam":29.0073776,"iha_irtifa":103.575,"iha_dikilme":7.20402575,"iha_yonelme":333.62,"iha_yatis":25.3512726,"iha_hizi":16.59,"zaman_farki":-66},{"takim_numarasi":10,"iha_enlem":40.2309952,"iha_boylam":29.0077438,"iha_irtifa":69.6,"iha_dikilme":-2.0,"iha_yonelme":279.0,"iha_yatis":-1.0,"iha_hizi":62.0,"zaman_farki":1004},{"takim_numarasi":13,"iha_enlem":40.2310867,"iha_boylam":29.00614,"iha_irtifa":37.24,"iha_dikilme":-0.632737637,"iha_yonelme":37.6984825,"iha_yatis":48.2153053,"iha_hizi":24.2736931,"zaman_farki":1472}]}
