{"sunucusaati":{"gun":16,"saat":14,"dakika":46,"saniye":23,"milisaniye":704},"konumBilgileri":[{"takim_numarasi":3,"iha_enlem":40.2315636,"iha_boylam":29.0093346,"iha_irtifa":-0.273,"iha_dikilme":-12.320013,"iha_yonelme":187.0,"iha_yatis":21.1791115,"iha_hizi":0.154963478,"zaman_farki":100},{"takim_numarasi":8,"iha_enlem":40.2337227,"iha_boylam":29.0092621,"iha_irtifa":47.776,"iha_dikilme":-3.45235753,"iha_yonelme":175.56,"iha_yatis":45.0987167,"iha_hizi":13.17,"zaman_farki":449},{"takim_numarasi":10,"iha_enlem":40.23221,"iha_boylam":29.0091267,"iha_irtifa":6.0,"iha_dikilme":-14.0,"iha_yonelme":186.0,"iha_yatis":9.0,"iha_hizi":5.0,"zaman_farki":704},{"takim_numarasi":13,"iha_enlem":40.2313,"iha_boylam":29.00927,"iha_irtifa":-9.75,"iha_dikilme":8.06644249,"iha_yonelme":11.7693405,"iha_yatis":1.44893587,"iha_hizi":0.0452207141,"zaman_farki":1108}]}
