{"sunucusaati":{"gun":16,"saat":14,"dakika":48,"saniye":2,"milisaniye":800},"konumBilgileri":[{"takim_numarasi":3,"iha_enlem":40.2315636,"iha_boylam":29.0093346,"iha_irtifa":-0.273,"iha_dikilme":-12.320013,"iha_yonelme":187.0,"iha_yatis":21.1791115,"iha_hizi":0.154963478,"zaman_farki":444},{"takim_numarasi":8,"iha_enlem":40.2319946,"iha_boylam":29.00821,"iha_irtifa":106.949,"iha_dikilme":6.59212351,"iha_yonelme":256.56,"iha_yatis":14.2754765,"iha_hizi":12.65,"zaman_farki":545},{"takim_numarasi":10,"iha_enlem":40.2325325,"iha_boylam":29.0061512,"iha_irtifa":67.5,"iha_dikilme":0.0,"iha_yonelme":87.0,"iha_yatis":-5.0,"iha_hizi":75.0,"zaman_farki":857},{"takim_numarasi":13,"iha_enlem":40.2303123,"iha_boylam":29.0058384,"iha_irtifa":63.56,"iha_dikilme":15.5289288,"iha_yonelme":333.873,"iha_yatis":17.04502,"iha_hizi":23.4484825,"zaman_farki":842}]}
