{"sunucusaati":{"gun":16,"saat":14,"dakika":46,"saniye":37,"milisaniye":972},"konumBilgileri":[{"takim_numarasi":3,"iha_enlem":40.2315636,"iha_boylam":29.0093346,"iha_irtifa":-0.273,"iha_dikilme":-12.320013,"iha_yonelme":187.0,"iha_yatis":21.1791115,"iha_hizi":0.154963478,"zaman_farki":622},{"takim_numarasi":8,"iha_enlem":40.2328377,"iha_boylam":29.0076885,"iha_irtifa":57.387,"iha_dikilme":14.1735754,"iha_yonelme":239.58,"iha_yatis":4.823675,"iha_hizi":14.93,"zaman_farki":717},{"takim_numarasi":10,"iha_enlem":40.2321854,"iha_boylam":29.0090122,"iha_irtifa":6.5,"iha_dikilme":2.0,"iha_yonelme":183.0,"iha_yatis":13.0,"iha_hizi":17.0,"zaman_farki":972},{"takim_numarasi":13,"iha_enlem":40.2313042,"iha_boylam":29.0092659,"iha_irtifa":-9.7,"iha_dikilme":8.074088,"iha_yonelme":11.8829069,"iha_yatis":1.48921609,"iha_hizi":0.0243302323,"zaman_farki":1136}]}
