{"sunucusaati":{"gun":16,"saat":14,"dakika":47,"saniye":39,"milisaniye":388},"konumBilgileri":[{"takim_numarasi":3,"iha_enlem":40.2315636,"iha_boylam":29.0093346,"iha_irtifa":-0.273,"iha_dikilme":-12.320013,"iha_yonelme":187.0,"iha_yatis":21.1791115,"iha_hizi":0.154963478,"zaman_farki":-117},{"takim_numarasi":8,"iha_enlem":40.2320366,"iha_boylam":29.00774,"iha_irtifa":103.575,"iha_dikilme":9.696373,"iha_yonelme":290.13,"iha_yatis":18.7012711,"iha_hizi":14.12,"zaman_farki":131},{"takim_numarasi":10,"iha_enlem":40.2309532,"iha_boylam":29.0082989,"iha_irtifa":67.1,"iha_dikilme":-1.0,"iha_yonelme":243.0,"iha_yatis":35.0,"iha_hizi":53.0,"zaman_farki":951},{"takim_numarasi":13,"iha_enlem":40.2306557,"iha_boylam":29.00598,"iha_irtifa":37.98,"iha_dikilme":-4.60766268,"iha_yonelme":318.67688,"iha_yatis":35.7225838,"iha_hizi":21.9454212,"zaman_farki":172}]}
