{"sunucusaati":{"gun":16,"saat":14,"dakika":47,"saniye":11,"milisaniye":766},"konumBilgileri":[{"takim_numarasi":3,"iha_enlem":40.2315636,"iha_boylam":29.0093346,"iha_irtifa":-0.273,"iha_dikilme":-12.320013,"iha_yonelme":187.0,"iha_yatis":21.1791115,"iha_hizi":0.154963478,"zaman_farki":603},{"takim_numarasi":8,"iha_enlem":40.231987,"iha_boylam":29.0080738,"iha_irtifa":103.704,"iha_dikilme":11.4082451,"iha_yonelme":261.96,"iha_yatis":14.3499594,"iha_hizi":11.91,"zaman_farki":511},{"takim_numarasi":10,"iha_enlem":40.2312126,"iha_boylam":29.0063515,"iha_irtifa":71.3,"iha_dikilme":-1.0,"iha_yonelme":275.0,"iha_yatis":-11.0,"iha_hizi":63.0,"zaman_farki":7766},{"takim_numarasi":13,"iha_enlem":40.2313042,"iha_boylam":29.0092316,"iha_irtifa":-8.41,"iha_dikilme":20.9685936,"iha_yonelme":18.0519524,"iha_yatis":-11.8161812,"iha_hizi":2.34401655,"zaman_farki":230}]}
