{"sunucusaati":{"gun":16,"saat":14,"dakika":47,"saniye":14,"milisaniye":595},"konumBilgileri":[{"takim_numarasi":3,"iha_enlem":40.2315636,"iha_boylam":29.0093346,"iha_irtifa":-0.273,"iha_dikilme":-12.320013,"iha_yonelme":187.0,"iha_yatis":21.1791115,"iha_hizi":0.154963478,"zaman_farki":671},{"takim_numarasi":8,"iha_enlem":40.2320824,"iha_boylam":29.00763,"iha_irtifa":103.405,"iha_dikilme":10.42211,"iha_yonelme":295.22,"iha_yatis":20.3943424,"iha_hizi":14.55,"zaman_farki":339},{"takim_numarasi":10,"iha_enlem":40.2321777,"iha_boylam":29.0055676,"iha_irtifa":70.5,"iha_dikilme":-2.0,"iha_yonelme":24.0,"iha_yatis":-4.0,"iha_hizi":75.0,"zaman_farki":905},{"takim_numarasi":13,"iha_enlem":40.231308,"iha_boylam":29.0091915,"iha_irtifa":-7.79,"iha_dikilme":-10.6167774,"iha_yonelme":287.740234,"iha_yatis":0.790508032,"iha_hizi":2.765245,"zaman_farki":1719}]}
