{"sunucusaati":{"gun":16,"saat":14,"dakika":47,"saniye":28,"milisaniye":386},"konumBilgileri":[{"takim_numarasi":3,"iha_enlem":40.2315636,"iha_boylam":29.0093346,"iha_irtifa":-0.273,"iha_dikilme":-12.320013,"iha_yonelme":187.0,"iha_yatis":21.1791115,"iha_hizi":0.154963478,"zaman_farki":754},{"takim_numarasi":8,"iha_enlem":40.2326736,"iha_boylam":29.00872,"iha_irtifa":103.679,"iha_dikilme":8.999615,"iha_yonelme":182.93,"iha_yatis":16.1736431,"iha_hizi":12.41,"zaman_farki":132},{"takim_numarasi":10,"iha_enlem":40.23235,"iha_boylam":29.0085335,"iha_irtifa":65.8,"iha_dikilme":4.0,"iha_yonelme":154.0,"iha_yatis":31.0,"iha_hizi":63.0,"zaman_farki":386},{"takim_numarasi":13,"iha_enlem":40.2308578,"iha_boylam":29.0076542,"iha_irtifa":24.09,"iha_dikilme":3.77574348,"iha_yonelme":224.821564,"iha_yatis":-26.8113251,"iha_hizi":15.832756,"zaman_farki":1050}]}
