{"sunucusaati":{"gun":16,"saat":14,"dakika":46,"saniye":28,"milisaniye":438},"konumBilgileri":[{"takim_numarasi":3,"iha_enlem":40.2315636,"iha_boylam":29.0093346,"iha_irtifa":-0.273,"iha_dikilme":-12.320013,"iha_yonelme":187.0,"iha_yatis":21.1791115,"iha_hizi":0.154963478,"zaman_farki":254},{"takim_numarasi":8,"iha_enlem":40.2333031,"iha_boylam":29.0089474,"iha_irtifa":49.716,"iha_dikilme":11.7579947,"iha_yonelme":229.81,"iha_yatis":10.2668571,"iha_hizi":11.14,"zaman_farki":183},{"takim_numarasi":10,"iha_enlem":40.2322,"iha_boylam":29.0090351,"iha_irtifa":6.2,"iha_dikilme":-9.0,"iha_yonelme":175.0,"iha_yatis":2.0,"iha_hizi":5.0,"zaman_farki":-413},{"takim_numarasi":13,"iha_enlem":40.2313042,"iha_boylam":29.0092678,"iha_irtifa":-9.76,"iha_dikilme":8.09814548,"iha_yonelme":11.8054047,"iha_yatis":1.51216578,"iha_hizi":0.0130283274,"zaman_farki":842}]}
