{"sunucusaati":{"gun":16,"saat":14,"dakika":46,"saniye":49,"milisaniye":462},"konumBilgileri":[{"takim_numarasi":3,"iha_enlem":40.2315636,"iha_boylam":29.0093346,"iha_irtifa":-0.273,"iha_dikilme":-12.320013,"iha_yonelme":187.0,"iha_yatis":21.1791115,"iha_hizi":0.154963478,"zaman_farki":232},{"takim_numarasi":8,"iha_enlem":40.2319641,"iha_boylam":29.0062389,"iha_irtifa":96.759,"iha_dikilme":10.1807384,"iha_yonelme":329.93,"iha_yatis":47.2554436,"iha_hizi":16.1,"zaman_farki":207},{"takim_numarasi":10,"iha_enlem":40.2310944,"iha_boylam":29.0087738,"iha_irtifa":71.7,"iha_dikilme":-1.0,"iha_yonelme":190.0,"iha_yatis":-14.0,"iha_hizi":69.0,"zaman_farki":3462},{"takim_numarasi":13,"iha_enlem":40.2313042,"iha_boylam":29.0092621,"iha_irtifa":-9.68,"iha_dikilme":8.07785,"iha_yonelme":11.8720369,"iha_yatis":1.53311038,"iha_hizi":0.0176269338,"zaman_farki":1067}]}
