{"sunucusaati":{"gun":16,"saat":14,"dakika":46,"saniye":59,"milisaniye":915},"konumBilgileri":[{"takim_numarasi":3,"iha_enlem":40.2315636,"iha_boylam":29.0093346,"iha_irtifa":-0.273,"iha_dikilme":-12.320013,"iha_yonelme":187.0,"iha_yatis":21.1791115,"iha_hizi":0.154963478,"zaman_farki":626},{"takim_numarasi":8,"iha_enlem":40.232502,"iha_boylam":29.0076542,"iha_irtifa":101.286,"iha_dikilme":13.0842419,"iha_yonelme":99.55,"iha_yatis":-0.06868146,"iha_hizi":15.63,"zaman_farki":660},{"takim_numarasi":10,"iha_enlem":40.23083,"iha_boylam":29.0072975,"iha_irtifa":72.3,"iha_dikilme":-1.0,"iha_yonelme":295.0,"iha_yatis":-12.0,"iha_hizi":67.0,"zaman_farki":915},{"takim_numarasi":13,"iha_enlem":40.2313042,"iha_boylam":29.0092659,"iha_irtifa":-9.74,"iha_dikilme":8.053366,"iha_yonelme":11.7921019,"iha_yatis":1.46901953,"iha_hizi":0.0187930763,"zaman_farki":360}]}
