{"sunucusaati":{"gun":16,"saat":14,"dakika":47,"saniye":29,"milisaniye":310},"konumBilgileri":[{"takim_numarasi":3,"iha_enlem":40.2315636,"iha_boylam":29.0093346,"iha_irtifa":-0.273,"iha_dikilme":-12.320013,"iha_yonelme":187.0,"iha_yatis":21.1791115,"iha_hizi":0.154963478,"zaman_farki":773},{"takim_numarasi":8,"iha_enlem":40.232563,"iha_boylam":29.0087433,"iha_irtifa":103.769,"iha_dikilme":8.971163,"iha_yonelme":194.99,"iha_yatis":15.3803663,"iha_hizi":12.1,"zaman_farki":55},{"takim_numarasi":10,"iha_enlem":40.2322731,"iha_boylam":29.008604,"iha_irtifa":66.9,"iha_dikilme":0.0,"iha_yonelme":177.0,"iha_yatis":23.0,"iha_hizi":61.0,"zaman_farki":1310},{"takim_numarasi":13,"iha_enlem":40.2308578,"iha_boylam":29.0076542,"iha_irtifa":24.09,"iha_dikilme":3.77574348,"iha_yonelme":224.821564,"iha_yatis":-26.8113251,"iha_hizi":15.832756,"zaman_farki":1974}]}
