{"sunucusaati":{"gun":16,"saat":14,"dakika":48,"saniye":50,"milisaniye":128},"konumBilgileri":[{"takim_numarasi":3,"iha_enlem":40.2315636,"iha_boylam":29.0093346,"iha_irtifa":-0.273,"iha_dikilme":-12.320013,"iha_yonelme":187.0,"iha_yatis":21.1791115,"iha_hizi":0.154963478,"zaman_farki":170},{"takim_numarasi":8,"iha_enlem":40.2315826,"iha_boylam":29.0077915,"iha_irtifa":118.747,"iha_dikilme":17.5585823,"iha_yonelme":290.26,"iha_yatis":19.64547,"iha_hizi":12.86,"zaman_farki":-125},{"takim_numarasi":10,"iha_enlem":40.2326241,"iha_boylam":29.0070667,"iha_irtifa":68.5,"iha_dikilme":-2.0,"iha_yonelme":100.0,"iha_yatis":-2.0,"iha_hizi":74.0,"zaman_farki":1128},{"takim_numarasi":13,"iha_enlem":40.23181,"iha_boylam":29.0055351,"iha_irtifa":89.94,"iha_dikilme":-0.845474362,"iha_yonelme":3.57806516,"iha_yatis":-21.2814026,"iha_hizi":22.9099274,"zaman_farki":670}]}
