{"sunucusaati":{"gun":16,"saat":14,"dakika":47,"saniye":35,"milisaniye":583},"konumBilgileri":[{"takim_numarasi":3,"iha_enlem":40.2315636,"iha_boylam":29.0093346,"iha_irtifa":-0.273,"iha_dikilme":-12.320013,"iha_yonelme":187.0,"iha_yatis":21.1791115,"iha_hizi":0.154963478,"zaman_farki":647},{"takim_numarasi":8,"iha_enlem":40.23204,"iha_boylam":29.00834,"iha_irtifa":102.015,"iha_dikilme":11.9136877,"iha_yonelme":248.78,"iha_yatis":15.4924936,"iha_hizi":12.22,"zaman_farki":328},{"takim_numarasi":10,"iha_enlem":40.23137,"iha_boylam":29.0085564,"iha_irtifa":68.2,"iha_dikilme":1.0,"iha_yonelme":198.0,"iha_yatis":-1.0,"iha_hizi":56.0,"zaman_farki":-360},{"takim_numarasi":13,"iha_enlem":40.23016,"iha_boylam":29.006712,"iha_irtifa":40.43,"iha_dikilme":-0.545657635,"iha_yonelme":269.505585,"iha_yatis":33.4470139,"iha_hizi":17.6221638,"zaman_farki":867}]}
