{"sunucusaati":{"gun":16,"saat":14,"dakika":46,"saniye":40,"milisaniye":741},"konumBilgileri":[{"takim_numarasi":3,"iha_enlem":40.2315636,"iha_boylam":29.0093346,"iha_irtifa":-0.273,"iha_dikilme":-12.320013,"iha_yonelme":187.0,"iha_yatis":21.1791115,"iha_hizi":0.154963478,"zaman_farki":657},{"takim_numarasi":8,"iha_enlem":40.2326164,"iha_boylam":29.0072536,"iha_irtifa":68.602,"iha_dikilme":14.3579655,"iha_yonelme":214.91,"iha_yatis":-16.0810452,"iha_hizi":15.42,"zaman_farki":486},{"takim_numarasi":10,"iha_enlem":40.2318573,"iha_boylam":29.0090237,"iha_irtifa":24.5,"iha_dikilme":21.0,"iha_yonelme":190.0,"iha_yatis":-2.0,"iha_hizi":49.0,"zaman_farki":741},{"takim_numarasi":13,"iha_enlem":40.2313042,"iha_boylam":29.009264,"iha_irtifa":-9.69,"iha_dikilme":8.050269,"iha_yonelme":11.8903666,"iha_yatis":1.51868033,"iha_hizi":0.022949,"zaman_farki":645}]}
