{"sunucusaati":{"gun":16,"saat":14,"dakika":46,"saniye":38,"milisaniye":887},"konumBilgileri":[{"takim_numarasi":3,"iha_enlem":40.2315636,"iha_boylam":29.0093346,"iha_irtifa":-0.273,"iha_dikilme":-12.320013,"iha_yonelme":187.0,"iha_yatis":21.1791115,"iha_hizi":0.154963478,"zaman_farki":625},{"takim_numarasi":8,"iha_enlem":40.23278,"iha_boylam":29.0075321,"iha_irtifa":67.358,"iha_dikilme":14.7643671,"iha_yonelme":239.16,"iha_yatis":2.77194166,"iha_hizi":15.13,"zaman_farki":632},{"takim_numarasi":10,"iha_enlem":40.2320633,"iha_boylam":29.0090122,"iha_irtifa":7.8,"iha_dikilme":15.0,"iha_yonelme":167.0,"iha_yatis":-13.0,"iha_hizi":47.0,"zaman_farki":818},{"takim_numarasi":13,"iha_enlem":40.2313042,"iha_boylam":29.009264,"iha_irtifa":-9.67,"iha_dikilme":8.083237,"iha_yonelme":11.8728619,"iha_yatis":1.49229753,"iha_hizi":0.02419176,"zaman_farki":1051}]}
