{"sunucusaati":{"gun":16,"saat":14,"dakika":46,"saniye":46,"milisaniye":527},"konumBilgileri":[{"takim_numarasi":3,"iha_enlem":40.2315636,"iha_boylam":29.0093346,"iha_irtifa":-0.273,"iha_dikilme":-12.320013,"iha_yonelme":187.0,"iha_yatis":21.1791115,"iha_hizi":0.154963478,"zaman_farki":49},{"takim_numarasi":8,"iha_enlem":40.23191,"iha_boylam":29.00671,"iha_irtifa":82.033,"iha_dikilme":13.0112219,"iha_yonelme":229.36,"iha_yatis":20.0278378,"iha_hizi":15.51,"zaman_farki":273},{"takim_numarasi":10,"iha_enlem":40.2311325,"iha_boylam":29.0087833,"iha_irtifa":71.4,"iha_dikilme":0.0,"iha_yonelme":190.0,"iha_yatis":-14.0,"iha_hizi":68.0,"zaman_farki":412},{"takim_numarasi":13,"iha_enlem":40.231308,"iha_boylam":29.0092621,"iha_irtifa":-9.68,"iha_dikilme":8.058728,"iha_yonelme":11.8782425,"iha_yatis":1.50929582,"iha_hizi":0.0191006772,"zaman_farki":1191}]}
