{"sunucusaati":{"gun":16,"saat":14,"dakika":47,"saniye":55,"milisaniye":473},"konumBilgileri":[{"takim_numarasi":3,"iha_enlem":40.2315636,"iha_boylam":29.0093346,"iha_irtifa":-0.273,"iha_dikilme":-12.320013,"iha_yonelme":187.0,"iha_yatis":21.1791115,"iha_hizi":0.154963478,"zaman_farki":425},{"takim_numarasi":8,"iha_enlem":40.2325172,"iha_boylam":29.0087166,"iha_irtifa":96.016,"iha_dikilme":20.19847,"iha_yonelme":188.66,"iha_yatis":7.95779276,"iha_hizi":13.32,"zaman_farki":218},{"takim_numarasi":10,"iha_enlem":40.23108,"iha_boylam":29.0074711,"iha_irtifa":67.8,"iha_dikilme":0.0,"iha_yonelme":279.0,"iha_yatis":-7.0,"iha_hizi":64.0,"zaman_farki":12243},{"takim_numarasi":13,"iha_enlem":40.22983,"iha_boylam":29.0070724,"iha_irtifa":39.39,"iha_dikilme":0.839558661,"iha_yonelme":218.8969,"iha_yatis":13.6184855,"iha_hizi":15.418251,"zaman_farki":1015}]}
