{"sunucusaati":{"gun":16,"saat":14,"dakika":47,"saniye":2,"milisaniye":709},"konumBilgileri":[{"takim_numarasi":3,"iha_enlem":40.2315636,"iha_boylam":29.0093346,"iha_irtifa":-0.273,"iha_dikilme":-12.320013,"iha_yonelme":187.0,"iha_yatis":21.1791115,"iha_hizi":0.154963478,"zaman_farki":685},{"takim_numarasi":8,"iha_enlem":40.2325249,"iha_boylam":29.0082378,"iha_irtifa":101.286,"iha_dikilme":11.93288,"iha_yonelme":118.98,"iha_yatis":30.667181,"iha_hizi":16.8,"zaman_farki":454},{"takim_numarasi":10,"iha_enlem":40.2308922,"iha_boylam":29.0071926,"iha_irtifa":71.3,"iha_dikilme":-3.0,"iha_yonelme":293.0,"iha_yatis":-10.0,"iha_hizi":67.0,"zaman_farki":2709},{"takim_numarasi":13,"iha_enlem":40.2313042,"iha_boylam":29.0092659,"iha_irtifa":-9.73,"iha_dikilme":8.059455,"iha_yonelme":11.7500753,"iha_yatis":1.48833048,"iha_hizi":0.02168448,"zaman_farki":833}]}
