{"sunucusaati":{"gun":16,"saat":14,"dakika":48,"saniye":30,"milisaniye":329},"konumBilgileri":[{"takim_numarasi":3,"iha_enlem":40.2315636,"iha_boylam":29.0093346,"iha_irtifa":-0.273,"iha_dikilme":-12.320013,"iha_yonelme":187.0,"iha_yatis":21.1791115,"iha_hizi":0.154963478,"zaman_farki":479},{"takim_numarasi":8,"iha_enlem":40.2315445,"iha_boylam":29.00789,"iha_irtifa":93.546,"iha_dikilme":62.44522,"iha_yonelme":235.77,"iha_yatis":22.8475876,"iha_hizi":18.69,"zaman_farki":74},{"takim_numarasi":10,"iha_enlem":40.2310066,"iha_boylam":29.0073719,"iha_irtifa":69.6,"iha_dikilme":-2.0,"iha_yonelme":282.0,"iha_yatis":-3.0,"iha_hizi":61.0,"zaman_farki":2329},{"takim_numarasi":13,"iha_enlem":40.23163,"iha_boylam":29.0051041,"iha_irtifa":87.18,"iha_dikilme":1.19991827,"iha_yonelme":271.4515,"iha_yatis":2.06387329,"iha_hizi":16.4625568,"zaman_farki":871}]}
