{"sunucusaati":{"gun":16,"saat":14,"dakika":48,"saniye":11,"milisaniye":1},"konumBilgileri":[{"takim_numarasi":3,"iha_enlem":40.2315636,"iha_boylam":29.0093346,"iha_irtifa":-0.273,"iha_dikilme":-12.320013,"iha_yonelme":187.0,"iha_yatis":21.1791115,"iha_hizi":0.154963478,"zaman_farki":393},{"takim_numarasi":8,"iha_enlem":40.2326355,"iha_boylam":29.0073357,"iha_irtifa":105.311,"iha_dikilme":6.99318743,"iha_yonelme":10.46,"iha_yatis":30.3711662,"iha_hizi":18.59,"zaman_farki":744},{"takim_numarasi":10,"iha_enlem":40.23246,"iha_boylam":29.0082722,"iha_irtifa":68.3,"iha_dikilme":-5.0,"iha_yonelme":107.0,"iha_yatis":31.0,"iha_hizi":71.0,"zaman_farki":1001},{"takim_numarasi":13,"iha_enlem":40.23175,"iha_boylam":29.0054111,"iha_irtifa":84.93,"iha_dikilme":-2.88189936,"iha_yonelme":342.238342,"iha_yatis":24.7421532,"iha_hizi":19.6532059,"zaman_farki":1525}]}
