{"sunucusaati":{"gun":16,"saat":14,"dakika":49,"saniye":5,"milisaniye":962},"konumBilgileri":[{"takim_numarasi":3,"iha_enlem":40.2315636,"iha_boylam":29.0093346,"iha_irtifa":-0.273,"iha_dikilme":-12.320013,"iha_yonelme":187.0,"iha_yatis":21.1791115,"iha_hizi":0.154963478,"zaman_farki":477},{"takim_numarasi":8,"iha_enlem":40.2322,"iha_boylam":29.008831,"iha_irtifa":122.236,"iha_dikilme":8.118932,"iha_yonelme":185.49,"iha_yatis":20.2917328,"iha_hizi":13.72,"zaman_farki":707},{"takim_numarasi":10,"iha_enlem":40.2310829,"iha_boylam":29.0084686,"iha_irtifa":67.2,"iha_dikilme":0.0,"iha_yonelme":206.0,"iha_yatis":27.0,"iha_hizi":57.0,"zaman_farki":962},{"takim_numarasi":13,"iha_enlem":40.2316551,"iha_boylam":29.0066872,"iha_irtifa":88.59,"iha_dikilme":1.12726736,"iha_yonelme":238.101334,"iha_yatis":21.77491,"iha_hizi":16.3200665,"zaman_farki":1246}]}
