{"sunucusaati":{"gun":16,"saat":14,"dakika":47,"saniye":54,"milisaniye":346},"konumBilgileri":[{"takim_numarasi":3,"iha_enlem":40.2315636,"iha_boylam":29.0093346,"iha_irtifa":-0.273,"iha_dikilme":-12.320013,"iha_yonelme":187.0,"iha_yatis":21.1791115,"iha_hizi":0.154963478,"zaman_farki":212},{"takim_numarasi":8,"iha_enlem":40.23264,"iha_boylam":29.0087,"iha_irtifa":96.016,"iha_dikilme":14.1342468,"iha_yonelme":189.04,"iha_yatis":16.5227165,"iha_hizi":13.98,"zaman_farki":91},{"takim_numarasi":10,"iha_enlem":40.23108,"iha_boylam":29.0074711,"iha_irtifa":67.8,"iha_dikilme":0.0,"iha_yonelme":279.0,"iha_yatis":-7.0,"iha_hizi":64.0,"zaman_farki":11116},{"takim_numarasi":13,"iha_enlem":40.2301941,"iha_boylam":29.0073681,"iha_irtifa":39.27,"iha_dikilme":-0.518636763,"iha_yonelme":203.8078,"iha_yatis":6.038478,"iha_hizi":16.2207756,"zaman_farki":2888}]}
