{"sunucusaati":{"gun":16,"saat":14,"dakika":49,"saniye":14,"milisaniye":404},"konumBilgileri":[{"takim_numarasi":3,"iha_enlem":40.2315636,"iha_boylam":29.0093346,"iha_irtifa":-0.273,"iha_dikilme":-12.320013,"iha_yonelme":187.0,"iha_yatis":21.1791115,"iha_hizi":0.154963478,"zaman_farki":685},{"takim_numarasi":8,"iha_enlem":40.2315521,"iha_boylam":29.0079823,"iha_irtifa":123.067,"iha_dikilme":4.380584,"iha_yonelme":278.06,"iha_yatis":19.7877254,"iha_hizi":14.68,"zaman_farki":149},{"takim_numarasi":10,"iha_enlem":40.2311249,"iha_boylam":29.006876,"iha_irtifa":68.0,"iha_dikilme":-3.0,"iha_yonelme":275.0,"iha_yatis":-5.0,"iha_hizi":64.0,"zaman_farki":404},{"takim_numarasi":13,"iha_enlem":40.2323723,"iha_boylam":29.0055027,"iha_irtifa":85.44,"iha_dikilme":4.157206,"iha_yonelme":14.6039982,"iha_yatis":40.5561943,"iha_hizi":25.3687,"zaman_farki":928}]}
