{"sunucusaati":{"gun":16,"saat":14,"dakika":47,"saniye":13,"milisaniye":664},"konumBilgileri":[{"takim_numarasi":3,"iha_enlem":40.2315636,"iha_boylam":29.0093346,"iha_irtifa":-0.273,"iha_dikilme":-12.320013,"iha_yonelme":187.0,"iha_yatis":21.1791115,"iha_hizi":0.154963478,"zaman_farki":665},{"takim_numarasi":8,"iha_enlem":40.2320251,"iha_boylam":29.0077782,"iha_irtifa":103.199,"iha_dikilme":11.4974346,"iha_yonelme":281.23,"iha_yatis":18.9840946,"iha_hizi":13.62,"zaman_farki":409},{"takim_numarasi":10,"iha_enlem":40.2312126,"iha_boylam":29.0063515,"iha_irtifa":71.3,"iha_dikilme":-1.0,"iha_yonelme":275.0,"iha_yatis":-11.0,"iha_hizi":63.0,"zaman_farki":9664},{"takim_numarasi":13,"iha_enlem":40.2313042,"iha_boylam":29.0092316,"iha_irtifa":-8.41,"iha_dikilme":-8.179524,"iha_yonelme":325.345642,"iha_yatis":-3.2747848,"iha_hizi":2.43359947,"zaman_farki":2128}]}
