{"sunucusaati":{"gun":16,"saat":14,"dakika":49,"saniye":13,"milisaniye":484},"konumBilgileri":[{"takim_numarasi":3,"iha_enlem":40.2315636,"iha_boylam":29.0093346,"iha_irtifa":-0.273,"iha_dikilme":-12.320013,"iha_yonelme":187.0,"iha_yatis":21.1791115,"iha_hizi":0.154963478,"zaman_farki":670},{"takim_numarasi":8,"iha_enlem":40.23154,"iha_boylam":29.00815,"iha_irtifa":123.013,"iha_dikilme":4.605606,"iha_yonelme":264.6,"iha_yatis":17.8589859,"iha_hizi":14.09,"zaman_farki":229},{"takim_numarasi":10,"iha_enlem":40.2310677,"iha_boylam":29.0071621,"iha_irtifa":67.8,"iha_dikilme":0.0,"iha_yonelme":278.0,"iha_yatis":-3.0,"iha_hizi":64.0,"zaman_farki":1047},{"takim_numarasi":13,"iha_enlem":40.2322235,"iha_boylam":29.0054779,"iha_irtifa":85.25,"iha_dikilme":-2.45475912,"iha_yonelme":355.123383,"iha_yatis":41.566925,"iha_hizi":24.0130672,"zaman_farki":1008}]}
