{"sunucusaati":{"gun":16,"saat":14,"dakika":48,"saniye":3,"milisaniye":726},"konumBilgileri":[{"takim_numarasi":3,"iha_enlem":40.2315636,"iha_boylam":29.0093346,"iha_irtifa":-0.273,"iha_dikilme":-12.320013,"iha_yonelme":187.0,"iha_yatis":21.1791115,"iha_hizi":0.154963478,"zaman_farki":444},{"takim_numarasi":8,"iha_enlem":40.2319832,"iha_boylam":29.0080585,"iha_irtifa":106.571,"iha_dikilme":7.11702347,"iha_yonelme":269.44,"iha_yatis":15.0738239,"iha_hizi":13.0,"zaman_farki":471},{"takim_numarasi":10,"iha_enlem":40.2325325,"iha_boylam":29.0061512,"iha_irtifa":67.5,"iha_dikilme":0.0,"iha_yonelme":87.0,"iha_yatis":-5.0,"iha_hizi":75.0,"zaman_farki":1783},{"takim_numarasi":13,"iha_enlem":40.2305641,"iha_boylam":29.0057583,"iha_irtifa":71.95,"iha_dikilme":12.5229912,"iha_yonelme":340.0293,"iha_yatis":10.0079317,"iha_hizi":21.87778,"zaman_farki":510}]}
