{"sunucusaati":{"gun":16,"saat":14,"dakika":47,"saniye":36,"milisaniye":503},"konumBilgileri":[{"takim_numarasi":3,"iha_enlem":40.2315636,"iha_boylam":29.0093346,"iha_irtifa":-0.273,"iha_dikilme":-12.320013,"iha_yonelme":187.0,"iha_yatis":21.1791115,"iha_hizi":0.154963478,"zaman_farki":648},{"takim_numarasi":8,"iha_enlem":40.2320023,"iha_boylam":29.0082035,"iha_irtifa":102.015,"iha_dikilme":11.8136148,"iha_yonelme":257.27,"iha_yatis":15.9755106,"iha_hizi":12.7,"zaman_farki":249},{"takim_numarasi":10,"iha_enlem":40.23137,"iha_boylam":29.0085564,"iha_irtifa":68.2,"iha_dikilme":1.0,"iha_yonelme":198.0,"iha_yatis":-1.0,"iha_hizi":56.0,"zaman_farki":560},{"takim_numarasi":13,"iha_enlem":40.23022,"iha_boylam":29.0064621,"iha_irtifa":40.12,"iha_dikilme":-3.27541232,"iha_yonelme":283.757172,"iha_yatis":29.60394,"iha_hizi":18.5922089,"zaman_farki":787}]}
