{"sunucusaati":{"gun":16,"saat":14,"dakika":48,"saniye":37,"milisaniye":149},"konumBilgileri":[{"takim_numarasi":3,"iha_enlem":40.2315636,"iha_boylam":29.0093346,"iha_irtifa":-0.273,"iha_dikilme":-12.320013,"iha_yonelme":187.0,"iha_yatis":21.1791115,"iha_hizi":0.154963478,"zaman_farki":-16},{"takim_numarasi":8,"iha_enlem":40.23201,"iha_boylam":29.0077019,"iha_irtifa":134.825,"iha_dikilme":-1.24516428,"iha_yonelme":61.97,"iha_yatis":34.7696571,"iha_hizi":21.43,"zaman_farki":-105},{"takim_numarasi":10,"iha_enlem":40.2311554,"iha_boylam":29.006752,"iha_irtifa":69.4,"iha_dikilme":-2.0,"iha_yonelme":275.0,"iha_yatis":-5.0,"iha_hizi":62.0,"zaman_farki":5873},{"takim_numarasi":13,"iha_enlem":40.2315063,"iha_boylam":29.0039082,"iha_irtifa":86.04,"iha_dikilme":3.040682,"iha_yonelme":232.103073,"iha_yatis":-13.4775753,"iha_hizi":14.9196653,"zaman_farki":933}]}
