{"sunucusaati":{"gun":16,"saat":14,"dakika":49,"saniye":3,"milisaniye":237},"konumBilgileri":[{"takim_numarasi":3,"iha_enlem":40.2315636,"iha_boylam":29.0093346,"iha_irtifa":-0.273,"iha_dikilme":-12.320013,"iha_yonelme":187.0,"iha_yatis":21.1791115,"iha_hizi":0.154963478,"zaman_farki":489},{"takim_numarasi":8,"iha_enlem":40.2324257,"iha_boylam":29.008688,"iha_irtifa":122.365,"iha_dikilme":9.311298,"iha_yonelme":158.09,"iha_yatis":22.7676563,"iha_hizi":14.62,"zaman_farki":-18},{"takim_numarasi":10,"iha_enlem":40.2314873,"iha_boylam":29.0086555,"iha_irtifa":66.8,"iha_dikilme":0.0,"iha_yonelme":202.0,"iha_yatis":-4.0,"iha_hizi":58.0,"zaman_farki":1237},{"takim_numarasi":13,"iha_enlem":40.231884,"iha_boylam":29.0069942,"iha_irtifa":88.58,"iha_dikilme":0.596474,"iha_yonelme":214.618362,"iha_yatis":24.5730286,"iha_hizi":16.9658432,"zaman_farki":761}]}
