{"sunucusaati":{"gun":16,"saat":14,"dakika":48,"saniye":23,"milisaniye":969},"konumBilgileri":[{"takim_numarasi":3,"iha_enlem":40.2315636,"iha_boylam":29.0093346,"iha_irtifa":-0.273,"iha_dikilme":-12.320013,"iha_yonelme":187.0,"iha_yatis":21.1791115,"iha_hizi":0.154963478,"zaman_farki":537},{"takim_numarasi":8,"iha_enlem":40.2321854,"iha_boylam":29.00844,"iha_irtifa":100.38,"iha_dikilme":-2.027733,"iha_yonelme":195.47,"iha_yatis":2.43459058,"iha_hizi":12.64,"zaman_farki":714},{"takim_numarasi":10,"iha_enlem":40.2309036,"iha_boylam":29.0081978,"iha_irtifa":64.8,"iha_dikilme":4.0,"iha_yonelme":240.0,"iha_yatis":26.0,"iha_hizi":52.0,"zaman_farki":210},{"takim_numarasi":13,"iha_enlem":40.23163,"iha_boylam":29.0064144,"iha_irtifa":84.8,"iha_dikilme":0.263196379,"iha_yonelme":250.3665,"iha_yatis":18.6173782,"iha_hizi":18.4665031,"zaman_farki":1011}]}
