{"sunucusaati":{"gun":16,"saat":14,"dakika":49,"saniye":15,"milisaniye":329},"konumBilgileri":[{"takim_numarasi":3,"iha_enlem":40.2315636,"iha_boylam":29.0093346,"iha_irtifa":-0.273,"iha_dikilme":-12.320013,"iha_yonelme":187.0,"iha_yatis":21.1791115,"iha_hizi":0.154963478,"zaman_farki":695},{"takim_numarasi":8,"iha_enlem":40.2315941,"iha_boylam":29.0078163,"iha_irtifa":123.067,"iha_dikilme":4.88784933,"iha_yonelme":290.07,"iha_yatis":19.937542,"iha_hizi":15.21,"zaman_farki":74},{"takim_numarasi":10,"iha_enlem":40.2311478,"iha_boylam":29.006752,"iha_irtifa":67.4,"iha_dikilme":0.0,"iha_yonelme":272.0,"iha_yatis":-7.0,"iha_hizi":65.0,"zaman_farki":1329},{"takim_numarasi":13,"iha_enlem":40.2326546,"iha_boylam":29.0056553,"iha_irtifa":84.8,"iha_dikilme":1.99389613,"iha_yonelme":38.9267578,"iha_yatis":43.3480873,"iha_hizi":26.4490757,"zaman_farki":853}]}
