{"sunucusaati":{"gun":16,"saat":14,"dakika":48,"saniye":28,"milisaniye":691},"konumBilgileri":[{"takim_numarasi":3,"iha_enlem":40.2315636,"iha_boylam":29.0093346,"iha_irtifa":-0.273,"iha_dikilme":-12.320013,"iha_yonelme":187.0,"iha_yatis":21.1791115,"iha_hizi":0.154963478,"zaman_farki":676},{"takim_numarasi":8,"iha_enlem":40.2316055,"iha_boylam":29.0080624,"iha_irtifa":81.565,"iha_dikilme":57.3299,"iha_yonelme":228.46,"iha_yatis":20.9681587,"iha_hizi":23.08,"zaman_farki":435},{"takim_numarasi":10,"iha_enlem":40.2310066,"iha_boylam":29.0073719,"iha_irtifa":69.6,"iha_dikilme":-2.0,"iha_yonelme":282.0,"iha_yatis":-3.0,"iha_hizi":61.0,"zaman_farki":691},{"takim_numarasi":13,"iha_enlem":40.23161,"iha_boylam":29.0055428,"iha_irtifa":88.62,"iha_dikilme":0.7690828,"iha_yonelme":272.972382,"iha_yatis":3.5698967,"iha_hizi":16.4651012,"zaman_farki":1233}]}
