{"sunucusaati":{"gun":16,"saat":14,"dakika":47,"saniye":59,"milisaniye":185},"konumBilgileri":[{"takim_numarasi":3,"iha_enlem":40.2315636,"iha_boylam":29.0093346,"iha_irtifa":-0.273,"iha_dikilme":-12.320013,"iha_yonelme":187.0,"iha_yatis":21.1791115,"iha_hizi":0.154963478,"zaman_farki":486},{"takim_numarasi":8,"iha_enlem":40.2321434,"iha_boylam":29.0085678,"iha_irtifa":106.949,"iha_dikilme":11.7780523,"iha_yonelme":224.51,"iha_yatis":15.4786119,"iha_hizi":10.69,"zaman_farki":-69},{"takim_numarasi":10,"iha_enlem":40.23108,"iha_boylam":29.0074711,"iha_irtifa":67.8,"iha_dikilme":0.0,"iha_yonelme":279.0,"iha_yatis":-7.0,"iha_hizi":64.0,"zaman_farki":15955},{"takim_numarasi":13,"iha_enlem":40.22973,"iha_boylam":29.0063534,"iha_irtifa":44.79,"iha_dikilme":9.546313,"iha_yonelme":296.173035,"iha_yatis":39.60136,"iha_hizi":21.0194626,"zaman_farki":469}]}
