{"sunucusaati":{"gun":16,"saat":14,"dakika":46,"saniye":53,"milisaniye":164},"konumBilgileri":[{"takim_numarasi":3,"iha_enlem":40.2315636,"iha_boylam":29.0093346,"iha_irtifa":-0.273,"iha_dikilme":-12.320013,"iha_yonelme":187.0,"iha_yatis":21.1791115,"iha_hizi":0.154963478,"zaman_farki":278},{"takim_numarasi":8,"iha_enlem":40.232502,"iha_boylam":29.0065613,"iha_irtifa":83.901,"iha_dikilme":11.9950113,"iha_yonelme":71.67,"iha_yatis":41.3832321,"iha_hizi":20.06,"zaman_farki":-91},{"takim_numarasi":10,"iha_enlem":40.23011,"iha_boylam":29.0084438,"iha_irtifa":74.7,"iha_dikilme":-4.0,"iha_yonelme":262.0,"iha_yatis":37.0,"iha_hizi":58.0,"zaman_farki":1164},{"takim_numarasi":13,"iha_enlem":40.2313042,"iha_boylam":29.009264,"iha_irtifa":-9.67,"iha_dikilme":8.045423,"iha_yonelme":11.812397,"iha_yatis":1.487715,"iha_hizi":0.0184279326,"zaman_farki":1269}]}
