{"sunucusaati":{"gun":16,"saat":14,"dakika":46,"saniye":34,"milisaniye":86},"konumBilgileri":[{"takim_numarasi":3,"iha_enlem":40.2315636,"iha_boylam":29.0093346,"iha_irtifa":-0.273,"iha_dikilme":-12.320013,"iha_yonelme":187.0,"iha_yatis":21.1791115,"iha_hizi":0.154963478,"zaman_farki":408},{"takim_numarasi":8,"iha_enlem":40.2330055,"iha_boylam":29.0081367,"iha_irtifa":57.387,"iha_dikilme":13.9977283,"iha_yonelme":233.76,"iha_yatis":2.0300405,"iha_hizi":13.77,"zaman_farki":-169},{"takim_numarasi":10,"iha_enlem":40.2321968,"iha_boylam":29.0090084,"iha_irtifa":6.8,"iha_dikilme":1.0,"iha_yonelme":171.0,"iha_yatis":-1.0,"iha_hizi":0.0,"zaman_farki":580},{"takim_numarasi":13,"iha_enlem":40.2313042,"iha_boylam":29.0092678,"iha_irtifa":-9.76,"iha_dikilme":8.073236,"iha_yonelme":11.8533487,"iha_yatis":1.53836763,"iha_hizi":0.006743006,"zaman_farki":1490}]}
