{"sunucusaati":{"gun":16,"saat":14,"dakika":46,"saniye":57,"milisaniye":59},"konumBilgileri":[{"takim_numarasi":3,"iha_enlem":40.2315636,"iha_boylam":29.0093346,"iha_irtifa":-0.273,"iha_dikilme":-12.320013,"iha_yonelme":187.0,"iha_yatis":21.1791115,"iha_hizi":0.154963478,"zaman_farki":520},{"takim_numarasi":8,"iha_enlem":40.23251,"iha_boylam":29.0073051,"iha_irtifa":84.578,"iha_dikilme":22.1221161,"iha_yonelme":108.83,"iha_yatis":3.4230938,"iha_hizi":14.35,"zaman_farki":-196},{"takim_numarasi":10,"iha_enlem":40.23048,"iha_boylam":29.0077839,"iha_irtifa":73.0,"iha_dikilme":0.0,"iha_yonelme":302.0,"iha_yatis":-7.0,"iha_hizi":69.0,"zaman_farki":461},{"takim_numarasi":13,"iha_enlem":40.2313042,"iha_boylam":29.0092659,"iha_irtifa":-9.68,"iha_dikilme":8.056879,"iha_yonelme":11.8107729,"iha_yatis":1.48480356,"iha_hizi":0.0417137928,"zaman_farki":844}]}
