{"sunucusaati":{"gun":16,"saat":14,"dakika":48,"saniye":39,"milisaniye":843},"konumBilgileri":[{"takim_numarasi":3,"iha_enlem":40.2315636,"iha_boylam":29.0093346,"iha_irtifa":-0.273,"iha_dikilme":-12.320013,"iha_yonelme":187.0,"iha_yatis":21.1791115,"iha_hizi":0.154963478,"zaman_farki":-47},{"takim_numarasi":8,"iha_enlem":40.2320747,"iha_boylam":29.0081577,"iha_irtifa":119.859,"iha_dikilme":18.978178,"iha_yonelme":101.08,"iha_yatis":25.4204254,"iha_hizi":18.14,"zaman_farki":588},{"takim_numarasi":10,"iha_enlem":40.231308,"iha_boylam":29.00553,"iha_irtifa":69.8,"iha_dikilme":-6.0,"iha_yonelme":306.0,"iha_yatis":33.0,"iha_hizi":67.0,"zaman_farki":2843},{"takim_numarasi":13,"iha_enlem":40.23111,"iha_boylam":29.0036659,"iha_irtifa":86.83,"iha_dikilme":1.68593168,"iha_yonelme":182.286972,"iha_yatis":-41.3941536,"iha_hizi":17.5272884,"zaman_farki":127}]}
