{"sunucusaati":{"gun":16,"saat":14,"dakika":46,"saniye":52,"milisaniye":237},"konumBilgileri":[{"takim_numarasi":3,"iha_enlem":40.2315636,"iha_boylam":29.0093346,"iha_irtifa":-0.273,"iha_dikilme":-12.320013,"iha_yonelme":187.0,"iha_yatis":21.1791115,"iha_hizi":0.154963478,"zaman_farki":275},{"takim_numarasi":8,"iha_enlem":40.2324028,"iha_boylam":29.0063648,"iha_irtifa":96.759,"iha_dikilme":1.22079885,"iha_yonelme":49.76,"iha_yatis":39.2487755,"iha_hizi":20.47,"zaman_farki":-17},{"takim_numarasi":10,"iha_enlem":40.2310944,"iha_boylam":29.0087738,"iha_irtifa":71.7,"iha_dikilme":-1.0,"iha_yonelme":190.0,"iha_yatis":-14.0,"iha_hizi":69.0,"zaman_farki":6237},{"takim_numarasi":13,"iha_enlem":40.2313042,"iha_boylam":29.009264,"iha_irtifa":-9.67,"iha_dikilme":8.045423,"iha_yonelme":11.812397,"iha_yatis":1.487715,"iha_hizi":0.0184279326,"zaman_farki":342}]}
