{"sunucusaati":{"gun":16,"saat":14,"dakika":48,"saniye":1,"milisaniye":967},"konumBilgileri":[{"takim_numarasi":3,"iha_enlem":40.2315636,"iha_boylam":29.0093346,"iha_irtifa":-0.273,"iha_dikilme":-12.320013,"iha_yonelme":187.0,"iha_yatis":21.1791115,"iha_hizi":0.154963478,"zaman_farki":512},{"takim_numarasi":8,"iha_enlem":40.2320251,"iha_boylam":29.0083485,"iha_irtifa":106.949,"iha_dikilme":6.90851927,"iha_yonelme":245.7,"iha_yatis":13.90698,"iha_hizi":11.95,"zaman_farki":711},{"takim_numarasi":10,"iha_enlem":40.23108,"iha_boylam":29.0074711,"iha_irtifa":67.8,"iha_dikilme":0.0,"iha_yonelme":279.0,"iha_yatis":-7.0,"iha_hizi":64.0,"zaman_farki":18737},{"takim_numarasi":13,"iha_enlem":40.230114,"iha_boylam":29.00593,"iha_irtifa":56.6,"iha_dikilme":12.3966846,"iha_yonelme":329.321381,"iha_yatis":24.7515469,"iha_hizi":23.721611,"zaman_farki":1009}]}
