{"sunucusaati":{"gun":16,"saat":14,"dakika":46,"saniye":44,"milisaniye":682},"konumBilgileri":[{"takim_numarasi":3,"iha_enlem":40.2315636,"iha_boylam":29.0093346,"iha_irtifa":-0.273,"iha_dikilme":-12.320013,"iha_yonelme":187.0,"iha_yatis":21.1791115,"iha_hizi":0.154963478,"zaman_farki":32},{"takim_numarasi":8,"iha_enlem":40.23212,"iha_boylam":29.0069332,"iha_irtifa":82.033,"iha_dikilme":13.9879847,"iha_yonelme":211.94,"iha_yatis":7.78448153,"iha_hizi":15.8,"zaman_farki":426},{"takim_numarasi":10,"iha_enlem":40.23139,"iha_boylam":29.0088959,"iha_irtifa":69.4,"iha_dikilme":3.0,"iha_yonelme":197.0,"iha_yatis":-10.0,"iha_hizi":53.0,"zaman_farki":682},{"takim_numarasi":13,"iha_enlem":40.231308,"iha_boylam":29.0092621,"iha_irtifa":-9.67,"iha_dikilme":8.051505,"iha_yonelme":11.8929348,"iha_yatis":1.50957191,"iha_hizi":0.0331208222,"zaman_farki":346}]}
