{"sunucusaati":{"gun":16,"saat":14,"dakika":48,"saniye":21,"milisaniye":171},"konumBilgileri":[{"takim_numarasi":3,"iha_enlem":40.2315636,"iha_boylam":29.0093346,"iha_irtifa":-0.273,"iha_dikilme":-12.320013,"iha_yonelme":187.0,"iha_yatis":21.1791115,"iha_hizi":0.154963478,"zaman_farki":483},{"takim_numarasi":8,"iha_enlem":40.2323837,"iha_boylam":29.0084572,"iha_irtifa":95.565,"iha_dikilme":18.210041,"iha_yonelme":191.23,"iha_yatis":10.9117546,"iha_hizi":10.97,"zaman_farki":-85},{"takim_numarasi":10,"iha_enlem":40.23124,"iha_boylam":29.0085049,"iha_irtifa":67.3,"iha_dikilme":0.0,"iha_yonelme":199.0,"iha_yatis":-6.0,"iha_hizi":53.0,"zaman_farki":1171},{"takim_numarasi":13,"iha_enlem":40.2317963,"iha_boylam":29.006834,"iha_irtifa":84.81,"iha_dikilme":1.841622,"iha_yonelme":222.934616,"iha_yatis":47.1962662,"iha_hizi":17.71014,"zaman_farki":455}]}
