{"sunucusaati":{"gun":16,"saat":14,"dakika":47,"saniye":34,"milisaniye":662},"konumBilgileri":[{"takim_numarasi":3,"iha_enlem":40.2315636,"iha_boylam":29.0093346,"iha_irtifa":-0.273,"iha_dikilme":-12.320013,"iha_yonelme":187.0,"iha_yatis":21.1791115,"iha_hizi":0.154963478,"zaman_farki":645},{"takim_numarasi":8,"iha_enlem":40.2320976,"iha_boylam":29.0084629,"iha_irtifa":102.015,"iha_dikilme":10.0843105,"iha_yonelme":239.22,"iha_yatis":13.8404541,"iha_hizi":11.89,"zaman_farki":407},{"takim_numarasi":10,"iha_enlem":40.23156,"iha_boylam":29.0086288,"iha_irtifa":67.6,"iha_dikilme":0.0,"iha_yonelme":199.0,"iha_yatis":0.0,"iha_hizi":55.0,"zaman_farki":662},{"takim_numarasi":13,"iha_enlem":40.2301826,"iha_boylam":29.0069618,"iha_irtifa":40.73,"iha_dikilme":0.47334,"iha_yonelme":244.314087,"iha_yatis":30.76241,"iha_hizi":17.05338,"zaman_farki":1446}]}
