{"sunucusaati":{"gun":16,"saat":14,"dakika":47,"saniye":24,"milisaniye":764},"konumBilgileri":[{"takim_numarasi":3,"iha_enlem":40.2315636,"iha_boylam":29.0093346,"iha_irtifa":-0.273,"iha_dikilme":-12.320013,"iha_yonelme":187.0,"iha_yatis":21.1791115,"iha_hizi":0.154963478,"zaman_farki":-128},{"takim_numarasi":8,"iha_enlem":40.2330322,"iha_boylam":29.008316,"iha_irtifa":103.979,"iha_dikilme":7.944128,"iha_yonelme":135.97,"iha_yatis":26.1962528,"iha_hizi":15.59,"zaman_farki":509},{"takim_numarasi":10,"iha_enlem":40.2325478,"iha_boylam":29.0077515,"iha_irtifa":69.0,"iha_dikilme":-1.0,"iha_yonelme":100.0,"iha_yatis":-5.0,"iha_hizi":68.0,"zaman_farki":281},{"takim_numarasi":13,"iha_enlem":40.23122,"iha_boylam":29.0084171,"iha_irtifa":1.25,"iha_dikilme":15.9633236,"iha_yonelme":235.418961,"iha_yatis":-1.73067975,"iha_hizi":18.4910278,"zaman_farki":1406}]}
