{"sunucusaati":{"gun":16,"saat":14,"dakika":47,"saniye":30,"milisaniye":946},"konumBilgileri":[{"takim_numarasi":3,"iha_enlem":40.2315636,"iha_boylam":29.0093346,"iha_irtifa":-0.273,"iha_dikilme":-12.320013,"iha_yonelme":187.0,"iha_yatis":21.1791115,"iha_hizi":0.154963478,"zaman_farki":586},{"takim_numarasi":8,"iha_enlem":40.2324562,"iha_boylam":29.00874,"iha_irtifa":103.769,"iha_dikilme":9.161685,"iha_yonelme":205.23,"iha_yatis":15.2472687,"iha_hizi":12.02,"zaman_farki":691},{"takim_numarasi":10,"iha_enlem":40.2320251,"iha_boylam":29.0086918,"iha_irtifa":67.4,"iha_dikilme":0.0,"iha_yonelme":190.0,"iha_yatis":8.0,"iha_hizi":56.0,"zaman_farki":946},{"takim_numarasi":13,"iha_enlem":40.23058,"iha_boylam":29.0074787,"iha_irtifa":31.63,"iha_dikilme":13.3948717,"iha_yonelme":210.205414,"iha_yatis":23.1527672,"iha_hizi":17.5351925,"zaman_farki":610}]}
