{"sunucusaati":{"gun":16,"saat":14,"dakika":46,"saniye":58,"milisaniye":287},"konumBilgileri":[{"takim_numarasi":3,"iha_enlem":40.2315636,"iha_boylam":29.0093346,"iha_irtifa":-0.273,"iha_dikilme":-12.320013,"iha_yonelme":187.0,"iha_yatis":21.1791115,"iha_hizi":0.154963478,"zaman_farki":-79},{"takim_numarasi":8,"iha_enlem":40.232502,"iha_boylam":29.0074749,"iha_irtifa":100.722,"iha_dikilme":17.7883377,"iha_yonelme":101.8,"iha_yatis":0.9182565,"iha_hizi":14.79,"zaman_farki":32},{"takim_numarasi":10,"iha_enlem":40.2306023,"iha_boylam":29.0076313,"iha_irtifa":73.7,"iha_dikilme":-2.0,"iha_yonelme":305.0,"iha_yatis":-14.0,"iha_hizi":68.0,"zaman_farki":1287},{"takim_numarasi":13,"iha_enlem":40.2313042,"iha_boylam":29.0092659,"iha_irtifa":-9.68,"iha_dikilme":8.023199,"iha_yonelme":11.7966547,"iha_yatis":1.51385272,"iha_hizi":0.0147177661,"zaman_farki":1072}]}
