{"sunucusaati":{"gun":16,"saat":14,"dakika":47,"saniye":25,"milisaniye":690},"konumBilgileri":[{"takim_numarasi":3,"iha_enlem":40.2315636,"iha_boylam":29.0093346,"iha_irtifa":-0.273,"iha_dikilme":-12.320013,"iha_yonelme":187.0,"iha_yatis":21.1791115,"iha_hizi":0.154963478,"zaman_farki":-104},{"takim_numarasi":8,"iha_enlem":40.2329636,"iha_boylam":29.0084667,"iha_irtifa":103.979,"iha_dikilme":8.854546,"iha_yonelme":150.53,"iha_yatis":23.6692371,"iha_hizi":14.32,"zaman_farki":434},{"takim_numarasi":10,"iha_enlem":40.2325134,"iha_boylam":29.00802,"iha_irtifa":69.5,"iha_dikilme":-2.0,"iha_yonelme":100.0,"iha_yatis":-8.0,"iha_hizi":69.0,"zaman_farki":345},{"takim_numarasi":13,"iha_enlem":40.2311478,"iha_boylam":29.00822,"iha_irtifa":8.33,"iha_dikilme":19.79652,"iha_yonelme":240.745682,"iha_yatis":1.31367826,"iha_hizi":18.0098858,"zaman_farki":1332}]}
