{"sunucusaati":{"gun":16,"saat":14,"dakika":48,"saniye":17,"milisaniye":274},"konumBilgileri":[{"takim_numarasi":3,"iha_enlem":40.2315636,"iha_boylam":29.0093346,"iha_irtifa":-0.273,"iha_dikilme":-12.320013,"iha_yonelme":187.0,"iha_yatis":21.1791115,"iha_hizi":0.154963478,"zaman_farki":265},{"takim_numarasi":8,"iha_enlem":40.23281,"iha_boylam":29.0083523,"iha_irtifa":102.711,"iha_dikilme":15.8784237,"iha_yonelme":163.43,"iha_yatis":36.5144539,"iha_hizi":15.78,"zaman_farki":18},{"takim_numarasi":10,"iha_enlem":40.23167,"iha_boylam":29.0086956,"iha_irtifa":67.3,"iha_dikilme":1.0,"iha_yonelme":197.0,"iha_yatis":1.0,"iha_hizi":53.0,"zaman_farki":-25},{"takim_numarasi":13,"iha_enlem":40.2324562,"iha_boylam":29.0064831,"iha_irtifa":83.89,"iha_dikilme":1.88992238,"iha_yonelme":118.6287,"iha_yatis":42.0289726,"iha_hizi":22.7650127,"zaman_farki":798}]}
