{"sunucusaati":{"gun":16,"saat":14,"dakika":45,"saniye":47,"milisaniye":929},"konumBilgileri":[{"takim_numarasi":3,"iha_enlem":40.2315636,"iha_boylam":29.0093346,"iha_irtifa":-0.273,"iha_dikilme":-12.320013,"iha_yonelme":187.0,"iha_yatis":21.1791115,"iha_hizi":0.154963478,"zaman_farki":28},{"takim_numarasi":8,"iha_enlem":40.2319145,"iha_boylam":29.0090084,"iha_irtifa":-0.232,"iha_dikilme":14.3500061,"iha_yonelme":0.56,"iha_yatis":-2.29553342,"iha_hizi":2.05,"zaman_farki":674},{"takim_numarasi":10,"iha_enlem":40.2322121,"iha_boylam":29.0091839,"iha_irtifa":4.3,"iha_dikilme":-1.0,"iha_yonelme":25.0,"iha_yatis":-1.0,"iha_hizi":0.0,"zaman_farki":64032},{"takim_numarasi":13,"iha_enlem":40.2313042,"iha_boylam":29.0092888,"iha_irtifa":-9.68,"iha_dikilme":8.114513,"iha_yonelme":13.5801477,"iha_yatis":1.49778521,"iha_hizi":0.0262451433,"zaman_farki":112894}]}
