{"sunucusaati":{"gun":16,"saat":14,"dakika":48,"saniye":7,"milisaniye":230},"konumBilgileri":[{"takim_numarasi":3,"iha_enlem":40.2315636,"iha_boylam":29.0093346,"iha_irtifa":-0.273,"iha_dikilme":-12.320013,"iha_yonelme":187.0,"iha_yatis":21.1791115,"iha_hizi":0.154963478,"zaman_farki":280},{"takim_numarasi":8,"iha_enlem":40.2322044,"iha_boylam":29.0074635,"iha_irtifa":106.755,"iha_dikilme":6.73214245,"iha_yonelme":314.88,"iha_yatis":21.6475124,"iha_hizi":15.66,"zaman_farki":-25},{"takim_numarasi":10,"iha_enlem":40.23253,"iha_boylam":29.0070477,"iha_irtifa":69.0,"iha_dikilme":-2.0,"iha_yonelme":99.0,"iha_yatis":-6.0,"iha_hizi":71.0,"zaman_farki":1310},{"takim_numarasi":13,"iha_enlem":40.2310677,"iha_boylam":29.0056419,"iha_irtifa":81.66,"iha_dikilme":9.533548,"iha_yonelme":340.01358,"iha_yatis":-6.618273,"iha_hizi":20.1619453,"zaman_farki":1254}]}
