{"sunucusaati":{"gun":16,"saat":14,"dakika":49,"saniye":18,"milisaniye":487},"konumBilgileri":[{"takim_numarasi":3,"iha_enlem":40.2315636,"iha_boylam":29.0093346,"iha_irtifa":-0.273,"iha_dikilme":-12.320013,"iha_yonelme":187.0,"iha_yatis":21.1791115,"iha_hizi":0.154963478,"zaman_farki":211},{"takim_numarasi":8,"iha_enlem":40.2319221,"iha_boylam":29.00745,"iha_irtifa":122.592,"iha_dikilme":5.61134863,"iha_yonelme":339.02,"iha_yatis":25.7912884,"iha_hizi":17.53,"zaman_farki":234},{"takim_numarasi":10,"iha_enlem":40.2311478,"iha_boylam":29.006752,"iha_irtifa":67.4,"iha_dikilme":0.0,"iha_yonelme":272.0,"iha_yatis":-7.0,"iha_hizi":65.0,"zaman_farki":4487},{"takim_numarasi":13,"iha_enlem":40.23292,"iha_boylam":29.0064564,"iha_irtifa":87.22,"iha_dikilme":4.289187,"iha_yonelme":107.535622,"iha_yatis":48.7756844,"iha_hizi":25.5298367,"zaman_farki":1011}]}
