{"sunucusaati":{"gun":16,"saat":14,"dakika":47,"saniye":37,"milisaniye":443},"konumBilgileri":[{"takim_numarasi":3,"iha_enlem":40.2315636,"iha_boylam":29.0093346,"iha_irtifa":-0.273,"iha_dikilme":-12.320013,"iha_yonelme":187.0,"iha_yatis":21.1791115,"iha_hizi":0.154963478,"zaman_farki":678},{"takim_numarasi":8,"iha_enlem":40.231987,"iha_boylam":29.0080528,"iha_irtifa":102.015,"iha_dikilme":11.4552612,"iha_yonelme":266.1,"iha_yatis":15.5789528,"iha_hizi":13.24,"zaman_farki":186},{"takim_numarasi":10,"iha_enlem":40.23137,"iha_boylam":29.0085564,"iha_irtifa":68.2,"iha_dikilme":1.0,"iha_yonelme":198.0,"iha_yatis":-1.0,"iha_hizi":56.0,"zaman_farki":1500},{"takim_numarasi":13,"iha_enlem":40.2303123,"iha_boylam":29.0062714,"iha_irtifa":39.15,"iha_dikilme":-4.57445669,"iha_yonelme":303.051971,"iha_yatis":22.797781,"iha_hizi":19.9245377,"zaman_farki":485}]}
