{"sunucusaati":{"gun":16,"saat":14,"dakika":46,"saniye":31,"milisaniye":304},"konumBilgileri":[{"takim_numarasi":3,"iha_enlem":40.2315636,"iha_boylam":29.0093346,"iha_irtifa":-0.273,"iha_dikilme":-12.320013,"iha_yonelme":187.0,"iha_yatis":21.1791115,"iha_hizi":0.154963478,"zaman_farki":372},{"takim_numarasi":8,"iha_enlem":40.23316,"iha_boylam":29.0085659,"iha_irtifa":49.676,"iha_dikilme":13.8264608,"iha_yonelme":236.04,"iha_yatis":7.171359,"iha_hizi":13.12,"zaman_farki":49},{"takim_numarasi":10,"iha_enlem":40.2321968,"iha_boylam":29.0090122,"iha_irtifa":6.8,"iha_dikilme":2.0,"iha_yonelme":162.0,"iha_yatis":-6.0,"iha_hizi":1.0,"zaman_farki":-317},{"takim_numarasi":13,"iha_enlem":40.2313042,"iha_boylam":29.0092678,"iha_irtifa":-9.77,"iha_dikilme":8.064833,"iha_yonelme":11.8102856,"iha_yatis":1.51891649,"iha_hizi":0.0153049184,"zaman_farki":1708}]}
