{"sunucusaati":{"gun":16,"saat":14,"dakika":48,"saniye":22,"milisaniye":100},"konumBilgileri":[{"takim_numarasi":3,"iha_enlem":40.2315636,"iha_boylam":29.0093346,"iha_irtifa":-0.273,"iha_dikilme":-12.320013,"iha_yonelme":187.0,"iha_yatis":21.1791115,"iha_hizi":0.154963478,"zaman_farki":501},{"takim_numarasi":8,"iha_enlem":40.2322845,"iha_boylam":29.00845,"iha_irtifa":95.565,"iha_dikilme":13.4157734,"iha_yonelme":188.5,"iha_yatis":10.1419525,"iha_hizi":11.33,"zaman_farki":-155},{"takim_numarasi":10,"iha_enlem":40.23124,"iha_boylam":29.0085049,"iha_irtifa":67.3,"iha_dikilme":0.0,"iha_yonelme":199.0,"iha_yatis":-6.0,"iha_hizi":53.0,"zaman_farki":2100},{"takim_numarasi":13,"iha_enlem":40.2316971,"iha_boylam":29.00667,"iha_irtifa":84.52,"iha_dikilme":2.374809,"iha_yonelme":236.818085,"iha_yatis":33.5594444,"iha_hizi":17.9047184,"zaman_farki":142}]}
