{"sunucusaati":{"gun":16,"saat":14,"dakika":48,"saniye":14,"milisaniye":613},"konumBilgileri":[{"takim_numarasi":3,"iha_enlem":40.2315636,"iha_boylam":29.0093346,"iha_irtifa":-0.273,"iha_dikilme":-12.320013,"iha_yonelme":187.0,"iha_yatis":21.1791115,"iha_hizi":0.154963478,"zaman_farki":353},{"takim_numarasi":8,"iha_enlem":40.2330551,"iha_boylam":29.0079288,"iha_irtifa":102.711,"iha_dikilme":5.09034348,"iha_yonelme":119.63,"iha_yatis":51.454216,"iha_hizi":16.79,"zaman_farki":358},{"takim_numarasi":10,"iha_enlem":40.2320824,"iha_boylam":29.0087433,"iha_irtifa":66.2,"iha_dikilme":1.0,"iha_yonelme":184.0,"iha_yatis":12.0,"iha_hizi":60.0,"zaman_farki":383},{"takim_numarasi":13,"iha_enlem":40.23241,"iha_boylam":29.00583,"iha_irtifa":84.22,"iha_dikilme":2.8783052,"iha_yonelme":66.2553253,"iha_yatis":40.6599121,"iha_hizi":22.9010639,"zaman_farki":637}]}
