{"sunucusaati":{"gun":16,"saat":14,"dakika":48,"saniye":48,"milisaniye":277},"konumBilgileri":[{"takim_numarasi":3,"iha_enlem":40.2315636,"iha_boylam":29.0093346,"iha_irtifa":-0.273,"iha_dikilme":-12.320013,"iha_yonelme":187.0,"iha_yatis":21.1791115,"iha_hizi":0.154963478,"zaman_farki":150},{"takim_numarasi":8,"iha_enlem":40.2315254,"iha_boylam":29.0080738,"iha_irtifa":116.772,"iha_dikilme":23.2179279,"iha_yonelme":268.16,"iha_yatis":20.2967262,"iha_hizi":13.17,"zaman_farki":22},{"takim_numarasi":10,"iha_enlem":40.2326355,"iha_boylam":29.0065327,"iha_irtifa":67.8,"iha_dikilme":-1.0,"iha_yonelme":97.0,"iha_yatis":4.0,"iha_hizi":74.0,"zaman_farki":1093},{"takim_numarasi":13,"iha_enlem":40.2313347,"iha_boylam":29.0052662,"iha_irtifa":87.75,"iha_dikilme":-1.41868222,"iha_yonelme":34.1486244,"iha_yatis":-22.0289116,"iha_hizi":24.318161,"zaman_farki":1301}]}
