{"sunucusaati":{"gun":16,"saat":14,"dakika":47,"saniye":57,"milisaniye":310},"konumBilgileri":[{"takim_numarasi":3,"iha_enlem":40.2315636,"iha_boylam":29.0093346,"iha_irtifa":-0.273,"iha_dikilme":-12.320013,"iha_yonelme":187.0,"iha_yatis":21.1791115,"iha_hizi":0.154963478,"zaman_farki":424},{"takim_numarasi":8,"iha_enlem":40.2323074,"iha_boylam":29.0086937,"iha_irtifa":96.016,"iha_dikilme":19.0172081,"iha_yonelme":207.42,"iha_yatis":18.182972,"iha_hizi":11.39,"zaman_farki":54},{"takim_numarasi":10,"iha_enlem":40.23108,"iha_boylam":29.0074711,"iha_irtifa":67.8,"iha_dikilme":0.0,"iha_yonelme":279.0,"iha_yatis":-7.0,"iha_hizi":64.0,"zaman_farki":14080},{"takim_numarasi":13,"iha_enlem":40.2296638,"iha_boylam":29.00673,"iha_irtifa":39.22,"iha_dikilme":3.74430752,"iha_yonelme":250.976547,"iha_yatis":41.05604,"iha_hizi":16.678772,"zaman_farki":594}]}
