{"sunucusaati":{"gun":16,"saat":14,"dakika":46,"saniye":48,"milisaniye":617},"konumBilgileri":[{"takim_numarasi":3,"iha_enlem":40.2315636,"iha_boylam":29.0093346,"iha_irtifa":-0.273,"iha_dikilme":-12.320013,"iha_yonelme":187.0,"iha_yatis":21.1791115,"iha_hizi":0.154963478,"zaman_farki":306},{"takim_numarasi":8,"iha_enlem":40.2318726,"iha_boylam":29.0063725,"iha_irtifa":95.969,"iha_dikilme":11.7046041,"iha_yonelme":296.49,"iha_yatis":44.13143,"iha_hizi":15.5,"zaman_farki":362},{"takim_numarasi":10,"iha_enlem":40.2310944,"iha_boylam":29.0087738,"iha_irtifa":71.7,"iha_dikilme":-1.0,"iha_yonelme":190.0,"iha_yatis":-14.0,"iha_hizi":69.0,"zaman_farki":2617},{"takim_numarasi":13,"iha_enlem":40.231308,"iha_boylam":29.0092621,"iha_irtifa":-9.68,"iha_dikilme":8.074234,"iha_yonelme":11.8758917,"iha_yatis":1.51812136,"iha_hizi":0.0041372017,"zaman_farki":1781}]}
