{"sunucusaati":{"gun":16,"saat":14,"dakika":47,"saniye":5,"milisaniye":487},"konumBilgileri":[{"takim_numarasi":3,"iha_enlem":40.2315636,"iha_boylam":29.0093346,"iha_irtifa":-0.273,"iha_dikilme":-12.320013,"iha_yonelme":187.0,"iha_yatis":21.1791115,"iha_hizi":0.154963478,"zaman_farki":708},{"takim_numarasi":8,"iha_enlem":40.2323,"iha_boylam":29.0085945,"iha_irtifa":103.493,"iha_dikilme":10.8841982,"iha_yonelme":189.89,"iha_yatis":32.07219,"iha_hizi":11.21,"zaman_farki":234},{"takim_numarasi":10,"iha_enlem":40.2312126,"iha_boylam":29.0063515,"iha_irtifa":71.3,"iha_dikilme":-1.0,"iha_yonelme":275.0,"iha_yatis":-11.0,"iha_hizi":63.0,"zaman_farki":1487},{"takim_numarasi":13,"iha_enlem":40.2313042,"iha_boylam":29.0092659,"iha_irtifa":-9.74,"iha_dikilme":8.069075,"iha_yonelme":11.7443113,"iha_yatis":1.535739,"iha_hizi":0.0277856942,"zaman_farki":952}]}
