{"sunucusaati":{"gun":16,"saat":14,"dakika":47,"saniye":3,"milisaniye":631},"konumBilgileri":[{"takim_numarasi":3,"iha_enlem":40.2315636,"iha_boylam":29.0093346,"iha_irtifa":-0.273,"iha_dikilme":-12.320013,"iha_yonelme":187.0,"iha_yatis":21.1791115,"iha_hizi":0.154963478,"zaman_farki":690},{"takim_numarasi":8,"iha_enlem":40.23248,"iha_boylam":29.0084152,"iha_irtifa":103.233,"iha_dikilme":11.9801931,"iha_yonelme":143.62,"iha_yatis":34.168972,"iha_hizi":15.12,"zaman_farki":375},{"takim_numarasi":10,"iha_enlem":40.2308922,"iha_boylam":29.0071926,"iha_irtifa":71.3,"iha_dikilme":-3.0,"iha_yonelme":293.0,"iha_yatis":-10.0,"iha_hizi":67.0,"zaman_farki":3631},{"takim_numarasi":13,"iha_enlem":40.2313042,"iha_boylam":29.0092659,"iha_irtifa":-9.74,"iha_dikilme":8.058668,"iha_yonelme":11.7514343,"iha_yatis":1.56991124,"iha_hizi":0.009879121,"zaman_farki":1076}]}
