{"sunucusaati":{"gun":16,"saat":14,"dakika":47,"saniye":4,"milisaniye":562},"konumBilgileri":[{"takim_numarasi":3,"iha_enlem":40.2315636,"iha_boylam":29.0093346,"iha_irtifa":-0.273,"iha_dikilme":-12.320013,"iha_yonelme":187.0,"iha_yatis":21.1791115,"iha_hizi":0.154963478,"zaman_farki":708},{"takim_numarasi":8,"iha_enlem":40.2324,"iha_boylam":29.00854,"iha_irtifa":103.493,"iha_dikilme":8.651376,"iha_yonelme":169.84,"iha_yatis":38.0453529,"iha_hizi":12.95,"zaman_farki":308},{"takim_numarasi":10,"iha_enlem":40.2308922,"iha_boylam":29.0071926,"iha_irtifa":71.3,"iha_dikilme":-3.0,"iha_yonelme":293.0,"iha_yatis":-10.0,"iha_hizi":67.0,"zaman_farki":4562},{"takim_numarasi":13,"iha_enlem":40.2313042,"iha_boylam":29.0092659,"iha_irtifa":-9.75,"iha_dikilme":8.072346,"iha_yonelme":11.7480717,"iha_yatis":1.56320834,"iha_hizi":0.015816452,"zaman_farki":1027}]}
