{"sunucusaati":{"gun":16,"saat":14,"dakika":46,"saniye":45,"milisaniye":604},"konumBilgileri":[{"takim_numarasi":3,"iha_enlem":40.2315636,"iha_boylam":29.0093346,"iha_irtifa":-0.273,"iha_dikilme":-12.320013,"iha_yonelme":187.0,"iha_yatis":21.1791115,"iha_hizi":0.154963478,"zaman_farki":42},{"takim_numarasi":8,"iha_enlem":40.2320061,"iha_boylam":29.006834,"iha_irtifa":82.033,"iha_dikilme":14.7429371,"iha_yonelme":216.91,"iha_yatis":13.9962826,"iha_hizi":15.57,"zaman_farki":349},{"takim_numarasi":10,"iha_enlem":40.23129,"iha_boylam":29.0088482,"iha_irtifa":72.7,"iha_dikilme":-4.0,"iha_yonelme":196.0,"iha_yatis":-15.0,"iha_hizi":56.0,"zaman_farki":305},{"takim_numarasi":13,"iha_enlem":40.231308,"iha_boylam":29.0092621,"iha_irtifa":-9.68,"iha_dikilme":8.058728,"iha_yonelme":11.8782425,"iha_yatis":1.50929582,"iha_hizi":0.0191006772,"zaman_farki":268}]}
