{"sunucusaati":{"gun":16,"saat":14,"dakika":46,"saniye":35,"milisaniye":934},"konumBilgileri":[{"takim_numarasi":3,"iha_enlem":40.2315636,"iha_boylam":29.0093346,"iha_irtifa":-0.273,"iha_dikilme":-12.320013,"iha_yonelme":187.0,"iha_yatis":21.1791115,"iha_hizi":0.154963478,"zaman_farki":407},{"takim_numarasi":8,"iha_enlem":40.2329521,"iha_boylam":29.0079918,"iha_irtifa":57.387,"iha_dikilme":13.2633953,"iha_yonelme":233.88,"iha_yatis":1.997184,"iha_hizi":13.98,"zaman_farki":679},{"takim_numarasi":10,"iha_enlem":40.2321968,"iha_boylam":29.0090084,"iha_irtifa":6.3,"iha_dikilme":1.0,"iha_yonelme":168.0,"iha_yatis":-6.0,"iha_hizi":0.0,"zaman_farki":-250},{"takim_numarasi":13,"iha_enlem":40.2313042,"iha_boylam":29.0092659,"iha_irtifa":-9.71,"iha_dikilme":8.073236,"iha_yonelme":11.8533487,"iha_yatis":1.53836763,"iha_hizi":0.016070731,"zaman_farki":338}]}
