{"sunucusaati":{"gun":16,"saat":14,"dakika":46,"saniye":33,"milisaniye":165},"konumBilgileri":[{"takim_numarasi":3,"iha_enlem":40.2315636,"iha_boylam":29.0093346,"iha_irtifa":-0.273,"iha_dikilme":-12.320013,"iha_yonelme":187.0,"iha_yatis":21.1791115,"iha_hizi":0.154963478,"zaman_farki":405},{"takim_numarasi":8,"iha_enlem":40.2330551,"iha_boylam":29.0082836,"iha_irtifa":55.639,"iha_dikilme":14.3821144,"iha_yonelme":235.94,"iha_yatis":4.34031725,"iha_hizi":13.9,"zaman_farki":-90},{"takim_numarasi":10,"iha_enlem":40.2321968,"iha_boylam":29.0090084,"iha_irtifa":7.0,"iha_dikilme":0.0,"iha_yonelme":169.0,"iha_yatis":-1.0,"iha_hizi":0.0,"zaman_farki":-318},{"takim_numarasi":13,"iha_enlem":40.2313042,"iha_boylam":29.0092678,"iha_irtifa":-9.76,"iha_dikilme":8.073236,"iha_yonelme":11.8533487,"iha_yatis":1.53836763,"iha_hizi":0.0142439911,"zaman_farki":1569}]}
