{"sunucusaati":{"gun":16,"saat":14,"dakika":47,"saniye":6,"milisaniye":403},"konumBilgileri":[{"takim_numarasi":3,"iha_enlem":40.2315636,"iha_boylam":29.0093346,"iha_irtifa":-0.273,"iha_dikilme":-12.320013,"iha_yonelme":187.0,"iha_yatis":21.1791115,"iha_hizi":0.154963478,"zaman_farki":721},{"takim_numarasi":8,"iha_enlem":40.2322044,"iha_boylam":29.0085926,"iha_irtifa":103.493,"iha_dikilme":11.6952877,"iha_yonelme":207.48,"iha_yatis":28.83211,"iha_hizi":10.4,"zaman_farki":147},{"takim_numarasi":10,"iha_enlem":40.2312126,"iha_boylam":29.0063515,"iha_irtifa":71.3,"iha_dikilme":-1.0,"iha_yonelme":275.0,"iha_yatis":-11.0,"iha_hizi":63.0,"zaman_farki":2403},{"takim_numarasi":13,"iha_enlem":40.2313042,"iha_boylam":29.0092678,"iha_irtifa":-9.73,"iha_dikilme":8.071549,"iha_yonelme":11.7015209,"iha_yatis":1.51550019,"iha_hizi":0.0266353078,"zaman_farki":188}]}
