{"sunucusaati":{"gun":16,"saat":14,"dakika":52,"saniye":38,"milisaniye":51},"konumBilgileri":[{"takim_numarasi":3,"iha_enlem":40.2315636,"iha_boylam":29.0093346,"iha_irtifa":-0.273,"iha_dikilme":-12.320013,"iha_yonelme":187.0,"iha_yatis":21.1791115,"iha_hizi":0.154963478,"zaman_farki":532},{"takim_numarasi":8,"iha_enlem":40.231678,"iha_boylam":29.0073433,"iha_irtifa":113.762,"iha_dikilme":12.4406986,"iha_yonelme":282.49,"iha_yatis":42.6518936,"iha_hizi":17.24,"zaman_farki":-205},{"takim_numarasi":12,"iha_enlem":40.23177,"iha_boylam":29.0092945,"iha_irtifa":0.0,"iha_dikilme":-2.0,"iha_yonelme":308.0,"iha_yatis":-11.0,"iha_hizi":0.0,"zaman_farki":189112},{"takim_numarasi":13,"iha_enlem":40.2321053,"iha_boylam":29.0091152,"iha_irtifa":26.04,"iha_dikilme":-0.9431181,"iha_yonelme":49.73383,"iha_yatis":-3.3187325,"iha_hizi":17.39482,"zaman_farki":1193}]}
