{"sunucusaati":{"gun":16,"saat":14,"dakika":52,"saniye":12,"milisaniye":732},"konumBilgileri":[{"takim_numarasi":3,"iha_enlem":40.2315636,"iha_boylam":29.0093346,"iha_irtifa":-0.273,"iha_dikilme":-12.320013,"iha_yonelme":187.0,"iha_yatis":21.1791115,"iha_hizi":0.154963478,"zaman_farki":-87},{"takim_numarasi":8,"iha_enlem":40.2325668,"iha_boylam":29.0058346,"iha_irtifa":102.411,"iha_dikilme":8.41649151,"iha_yonelme":136.91,"iha_yatis":-41.3944969,"iha_hizi":14.36,"zaman_farki":477},{"takim_numarasi":12,"iha_enlem":40.23177,"iha_boylam":29.0092945,"iha_irtifa":0.0,"iha_dikilme":-2.0,"iha_yonelme":308.0,"iha_yatis":-11.0,"iha_hizi":0.0,"zaman_farki":163793},{"takim_numarasi":13,"iha_enlem":40.2311,"iha_boylam":29.0056858,"iha_irtifa":87.78,"iha_dikilme":1.586835,"iha_yonelme":240.90274,"iha_yatis":-24.0334949,"iha_hizi":15.2555866,"zaman_farki":1116}]}
