{"sunucusaati":{"gun":16,"saat":14,"dakika":52,"saniye":31,"milisaniye":528},"konumBilgileri":[{"takim_numarasi":3,"iha_enlem":40.2315636,"iha_boylam":29.0093346,"iha_irtifa":-0.273,"iha_dikilme":-12.320013,"iha_yonelme":187.0,"iha_yatis":21.1791115,"iha_hizi":0.154963478,"zaman_farki":416},{"takim_numarasi":8,"iha_enlem":40.2320061,"iha_boylam":29.0084076,"iha_irtifa":98.788,"iha_dikilme":-69.00769,"iha_yonelme":201.76,"iha_yatis":-0.3522683,"iha_hizi":29.18,"zaman_farki":273},{"takim_numarasi":12,"iha_enlem":40.23177,"iha_boylam":29.0092945,"iha_irtifa":0.0,"iha_dikilme":-2.0,"iha_yonelme":308.0,"iha_yatis":-11.0,"iha_hizi":0.0,"zaman_farki":182589},{"takim_numarasi":13,"iha_enlem":40.2312775,"iha_boylam":29.008255,"iha_irtifa":37.69,"iha_dikilme":-5.41978645,"iha_yonelme":36.37456,"iha_yatis":-14.3725214,"iha_hizi":18.32616,"zaman_farki":1032}]}
