{"sunucusaati":{"gun":16,"saat":14,"dakika":52,"saniye":48,"milisaniye":427},"konumBilgileri":[{"takim_numarasi":3,"iha_enlem":40.2315636,"iha_boylam":29.0093346,"iha_irtifa":-0.273,"iha_dikilme":-12.320013,"iha_yonelme":187.0,"iha_yatis":21.1791115,"iha_hizi":0.154963478,"zaman_farki":-63},{"takim_numarasi":8,"iha_enlem":40.2321053,"iha_boylam":29.007906,"iha_irtifa":105.299,"iha_dikilme":19.6632729,"iha_yonelme":208.29,"iha_yatis":22.96472,"iha_hizi":10.41,"zaman_farki":172},{"takim_numarasi":12,"iha_enlem":40.23177,"iha_boylam":29.0092945,"iha_irtifa":0.0,"iha_dikilme":-2.0,"iha_yonelme":308.0,"iha_yatis":-11.0,"iha_hizi":0.0,"zaman_farki":199488},{"takim_numarasi":13,"iha_enlem":40.2320824,"iha_boylam":29.0089855,"iha_irtifa":3.5,"iha_dikilme":1.40565825,"iha_yonelme":206.6311,"iha_yatis":-6.99460554,"iha_hizi":11.3855238,"zaman_farki":311}]}
