{"sunucusaati":{"gun":16,"saat":14,"dakika":52,"saniye":42,"milisaniye":879},"konumBilgileri":[{"takim_numarasi":3,"iha_enlem":40.2315636,"iha_boylam":29.0093346,"iha_irtifa":-0.273,"iha_dikilme":-12.320013,"iha_yonelme":187.0,"iha_yatis":21.1791115,"iha_hizi":0.154963478,"zaman_farki":-121},{"takim_numarasi":8,"iha_enlem":40.2322769,"iha_boylam":29.0071487,"iha_irtifa":115.096,"iha_dikilme":6.31041574,"iha_yonelme":45.46,"iha_yatis":49.74077,"iha_hizi":21.69,"zaman_farki":624},{"takim_numarasi":12,"iha_enlem":40.23177,"iha_boylam":29.0092945,"iha_irtifa":0.0,"iha_dikilme":-2.0,"iha_yonelme":308.0,"iha_yatis":-11.0,"iha_hizi":0.0,"zaman_farki":193940},{"takim_numarasi":13,"iha_enlem":40.2326431,"iha_boylam":29.0090179,"iha_irtifa":13.94,"iha_dikilme":-0.73388654,"iha_yonelme":240.57933,"iha_yatis":-44.2842865,"iha_hizi":13.2189112,"zaman_farki":263}]}
