{"sunucusaati":{"gun":16,"saat":14,"dakika":52,"saniye":21,"milisaniye":464},"konumBilgileri":[{"takim_numarasi":3,"iha_enlem":40.2315636,"iha_boylam":29.0093346,"iha_irtifa":-0.273,"iha_dikilme":-12.320013,"iha_yonelme":187.0,"iha_yatis":21.1791115,"iha_hizi":0.154963478,"zaman_farki":423},{"takim_numarasi":8,"iha_enlem":40.2325935,"iha_boylam":29.0075417,"iha_irtifa":103.644,"iha_dikilme":9.662151,"iha_yonelme":113.81,"iha_yatis":-0.2348912,"iha_hizi":16.89,"zaman_farki":210},{"takim_numarasi":12,"iha_enlem":40.23177,"iha_boylam":29.0092945,"iha_irtifa":0.0,"iha_dikilme":-2.0,"iha_yonelme":308.0,"iha_yatis":-11.0,"iha_hizi":0.0,"zaman_farki":172525},{"takim_numarasi":13,"iha_enlem":40.2304649,"iha_boylam":29.00638,"iha_irtifa":68.05,"iha_dikilme":-9.471806,"iha_yonelme":79.7859344,"iha_yatis":-8.336832,"iha_hizi":19.6295319,"zaman_farki":1107}]}
