{"sunucusaati":{"gun":16,"saat":14,"dakika":52,"saniye":14,"milisaniye":608},"konumBilgileri":[{"takim_numarasi":3,"iha_enlem":40.2315636,"iha_boylam":29.0093346,"iha_irtifa":-0.273,"iha_dikilme":-12.320013,"iha_yonelme":187.0,"iha_yatis":21.1791115,"iha_hizi":0.154963478,"zaman_farki":-33},{"takim_numarasi":8,"iha_enlem":40.2324829,"iha_boylam":29.0061779,"iha_irtifa":99.022,"iha_dikilme":12.5238256,"iha_yonelme":96.78,"iha_yatis":-29.8703423,"iha_hizi":17.25,"zaman_farki":353},{"takim_numarasi":12,"iha_enlem":40.23177,"iha_boylam":29.0092945,"iha_irtifa":0.0,"iha_dikilme":-2.0,"iha_yonelme":308.0,"iha_yatis":-11.0,"iha_hizi":0.0,"zaman_farki":165669},{"takim_numarasi":13,"iha_enlem":40.2309761,"iha_boylam":29.00553,"iha_irtifa":87.73,"iha_dikilme":-1.73591709,"iha_yonelme":218.574341,"iha_yatis":-31.0041313,"iha_hizi":15.2876,"zaman_farki":1492}]}
