{"sunucusaati":{"gun":16,"saat":14,"dakika":53,"saniye":8,"milisaniye":115},"konumBilgileri":[{"takim_numarasi":3,"iha_enlem":40.2315636,"iha_boylam":29.0093346,"iha_irtifa":-0.273,"iha_dikilme":-12.320013,"iha_yonelme":187.0,"iha_yatis":21.1791115,"iha_hizi":0.154963478,"zaman_farki":436},{"takim_numarasi":8,"iha_enlem":40.2326279,"iha_boylam":29.00713,"iha_irtifa":109.224,"iha_dikilme":19.7892246,"iha_yonelme":102.48,"iha_yatis":21.2580013,"iha_hizi":17.42,"zaman_farki":-140},{"takim_numarasi":12,"iha_enlem":40.23177,"iha_boylam":29.0092945,"iha_irtifa":0.0,"iha_dikilme":-2.0,"iha_yonelme":308.0,"iha_yatis":-11.0,"iha_hizi":0.0,"zaman_farki":219176},{"takim_numarasi":13,"iha_enlem":40.2313728,"iha_boylam":29.0090923,"iha_irtifa":-9.56,"iha_dikilme":5.00417233,"iha_yonelme":190.5598,"iha_yatis":-5.340885,"iha_hizi":0.243611455,"zaman_farki":999}]}
