{"sunucusaati":{"gun":16,"saat":14,"dakika":52,"saniye":44,"milisaniye":636},"konumBilgileri":[{"takim_numarasi":3,"iha_enlem":40.2315636,"iha_boylam":29.0093346,"iha_irtifa":-0.273,"iha_dikilme":-12.320013,"iha_yonelme":187.0,"iha_yatis":21.1791115,"iha_hizi":0.154963478,"zaman_farki":713},{"takim_numarasi":8,"iha_enlem":40.2324371,"iha_boylam":29.00757,"iha_irtifa":107.233,"iha_dikilme":5.02576637,"iha_yonelme":110.24,"iha_yatis":46.7169724,"iha_hizi":19.65,"zaman_farki":381},{"takim_numarasi":12,"iha_enlem":40.23177,"iha_boylam":29.0092945,"iha_irtifa":0.0,"iha_dikilme":-2.0,"iha_yonelme":308.0,"iha_yatis":-11.0,"iha_hizi":0.0,"zaman_farki":195697},{"takim_numarasi":13,"iha_enlem":40.2325363,"iha_boylam":29.008913,"iha_irtifa":12.3,"iha_dikilme":3.42243433,"iha_yonelme":198.620514,"iha_yatis":-45.1268654,"iha_hizi":12.155406,"zaman_farki":1020}]}
