{"sunucusaati":{"gun":16,"saat":14,"dakika":52,"saniye":57,"milisaniye":797},"konumBilgileri":[{"takim_numarasi":3,"iha_enlem":40.2315636,"iha_boylam":29.0093346,"iha_irtifa":-0.273,"iha_dikilme":-12.320013,"iha_yonelme":187.0,"iha_yatis":21.1791115,"iha_hizi":0.154963478,"zaman_farki":165},{"takim_numarasi":8,"iha_enlem":40.2315636,"iha_boylam":29.0070076,"iha_irtifa":113.171,"iha_dikilme":8.123147,"iha_yonelme":266.92,"iha_yatis":20.7932358,"iha_hizi":13.46,"zaman_farki":543},{"takim_numarasi":12,"iha_enlem":40.23177,"iha_boylam":29.0092945,"iha_irtifa":0.0,"iha_dikilme":-2.0,"iha_yonelme":308.0,"iha_yatis":-11.0,"iha_hizi":0.0,"zaman_farki":208858},{"takim_numarasi":13,"iha_enlem":40.2313766,"iha_boylam":29.0090923,"iha_irtifa":-9.31,"iha_dikilme":4.73832226,"iha_yonelme":204.258179,"iha_yatis":-2.77583313,"iha_hizi":1.20415759,"zaman_farki":681}]}
