{"sunucusaati":{"gun":16,"saat":14,"dakika":52,"saniye":29,"milisaniye":650},"konumBilgileri":[{"takim_numarasi":3,"iha_enlem":40.2315636,"iha_boylam":29.0093346,"iha_irtifa":-0.273,"iha_dikilme":-12.320013,"iha_yonelme":187.0,"iha_yatis":21.1791115,"iha_hizi":0.154963478,"zaman_farki":370},{"takim_numarasi":8,"iha_enlem":40.2321,"iha_boylam":29.0084267,"iha_irtifa":98.788,"iha_dikilme":-21.8549824,"iha_yonelme":195.94,"iha_yatis":0.672990739,"iha_hizi":13.93,"zaman_farki":395},{"takim_numarasi":12,"iha_enlem":40.23177,"iha_boylam":29.0092945,"iha_irtifa":0.0,"iha_dikilme":-2.0,"iha_yonelme":308.0,"iha_yatis":-11.0,"iha_hizi":0.0,"zaman_farki":180711},{"takim_numarasi":13,"iha_enlem":40.2311,"iha_boylam":29.0080452,"iha_irtifa":40.59,"iha_dikilme":-4.49254131,"iha_yonelme":55.7404327,"iha_yatis":-20.8476143,"iha_hizi":17.5817757,"zaman_farki":635}]}
