{"sunucusaati":{"gun":16,"saat":14,"dakika":54,"saniye":18,"milisaniye":909},"konumBilgileri":[{"takim_numarasi":3,"iha_enlem":40.2315636,"iha_boylam":29.0093346,"iha_irtifa":-0.273,"iha_dikilme":-12.320013,"iha_yonelme":187.0,"iha_yatis":21.1791115,"iha_hizi":0.154963478,"zaman_farki":-79},{"takim_numarasi":8,"iha_enlem":40.23211,"iha_boylam":29.0047321,"iha_irtifa":99.139,"iha_dikilme":0.759247243,"iha_yonelme":39.67,"iha_yatis":41.46707,"iha_hizi":19.07,"zaman_farki":653},{"takim_numarasi":12,"iha_enlem":40.23177,"iha_boylam":29.0092945,"iha_irtifa":0.0,"iha_dikilme":-2.0,"iha_yonelme":308.0,"iha_yatis":-11.0,"iha_hizi":0.0,"zaman_farki":289970},{"takim_numarasi":13,"iha_enlem":40.2313728,"iha_boylam":29.0090923,"iha_irtifa":-9.56,"iha_dikilme":4.99205971,"iha_yonelme":190.574448,"iha_yatis":-5.315682,"iha_hizi":0.23065567,"zaman_farki":71551}]}
