{"sunucusaati":{"gun":16,"saat":14,"dakika":52,"saniye":33,"milisaniye":393},"konumBilgileri":[{"takim_numarasi":3,"iha_enlem":40.2315636,"iha_boylam":29.0093346,"iha_irtifa":-0.273,"iha_dikilme":-12.320013,"iha_yonelme":187.0,"iha_yatis":21.1791115,"iha_hizi":0.154963478,"zaman_farki":459},{"takim_numarasi":8,"iha_enlem":40.2317238,"iha_boylam":29.0080585,"iha_irtifa":43.869,"iha_dikilme":31.7393646,"iha_yonelme":231.37,"iha_yatis":16.9343147,"iha_hizi":27.76,"zaman_farki":139},{"takim_numarasi":12,"iha_enlem":40.23177,"iha_boylam":29.0092945,"iha_irtifa":0.0,"iha_dikilme":-2.0,"iha_yonelme":308.0,"iha_yatis":-11.0,"iha_hizi":0.0,"zaman_farki":184454},{"takim_numarasi":13,"iha_enlem":40.2316132,"iha_boylam":29.0085258,"iha_irtifa":32.86,"iha_dikilme":0.958773,"iha_yonelme":28.12928,"iha_yatis":5.94941235,"iha_hizi":18.3738518,"zaman_farki":897}]}
