{"sunucusaati":{"gun":16,"saat":14,"dakika":52,"saniye":32,"milisaniye":456},"konumBilgileri":[{"takim_numarasi":3,"iha_enlem":40.2315636,"iha_boylam":29.0093346,"iha_irtifa":-0.273,"iha_dikilme":-12.320013,"iha_yonelme":187.0,"iha_yatis":21.1791115,"iha_hizi":0.154963478,"zaman_farki":438},{"takim_numarasi":8,"iha_enlem":40.2318726,"iha_boylam":29.00829,"iha_irtifa":98.788,"iha_dikilme":-25.3149967,"iha_yonelme":212.36,"iha_yatis":20.6963215,"iha_hizi":30.74,"zaman_farki":201},{"takim_numarasi":12,"iha_enlem":40.23177,"iha_boylam":29.0092945,"iha_irtifa":0.0,"iha_dikilme":-2.0,"iha_yonelme":308.0,"iha_yatis":-11.0,"iha_hizi":0.0,"zaman_farki":183517},{"takim_numarasi":13,"iha_enlem":40.23142,"iha_boylam":29.0083752,"iha_irtifa":35.31,"iha_dikilme":-3.76518154,"iha_yonelme":26.4989624,"iha_yatis":-2.83796644,"iha_hizi":18.7022781,"zaman_farki":960}]}
