{"sunucusaati":{"gun":16,"saat":14,"dakika":52,"saniye":25,"milisaniye":838},"konumBilgileri":[{"takim_numarasi":3,"iha_enlem":40.2315636,"iha_boylam":29.0093346,"iha_irtifa":-0.273,"iha_dikilme":-12.320013,"iha_yonelme":187.0,"iha_yatis":21.1791115,"iha_hizi":0.154963478,"zaman_farki":214},{"takim_numarasi":8,"iha_enlem":40.2324867,"iha_boylam":29.0083027,"iha_irtifa":102.759,"iha_dikilme":8.814454,"iha_yonelme":157.69,"iha_yatis":35.3789,"iha_hizi":14.16,"zaman_farki":583},{"takim_numarasi":12,"iha_enlem":40.23177,"iha_boylam":29.0092945,"iha_irtifa":0.0,"iha_dikilme":-2.0,"iha_yonelme":308.0,"iha_yatis":-11.0,"iha_hizi":0.0,"zaman_farki":176899},{"takim_numarasi":13,"iha_enlem":40.2307968,"iha_boylam":29.0073128,"iha_irtifa":53.35,"iha_dikilme":-6.14178467,"iha_yonelme":65.6947,"iha_yatis":2.49270225,"iha_hizi":17.8930149,"zaman_farki":823}]}
