{"sunucusaati":{"gun":16,"saat":14,"dakika":52,"saniye":30,"milisaniye":600},"konumBilgileri":[{"takim_numarasi":3,"iha_enlem":40.2315636,"iha_boylam":29.0093346,"iha_irtifa":-0.273,"iha_dikilme":-12.320013,"iha_yonelme":187.0,"iha_yatis":21.1791115,"iha_hizi":0.154963478,"zaman_farki":396},{"takim_numarasi":8,"iha_enlem":40.232048,"iha_boylam":29.0084229,"iha_irtifa":98.788,"iha_dikilme":-61.94141,"iha_yonelme":201.35,"iha_yatis":-1.94563973,"iha_hizi":21.75,"zaman_farki":345},{"takim_numarasi":12,"iha_enlem":40.23177,"iha_boylam":29.0092945,"iha_irtifa":0.0,"iha_dikilme":-2.0,"iha_yonelme":308.0,"iha_yatis":-11.0,"iha_hizi":0.0,"zaman_farki":181661},{"takim_numarasi":13,"iha_enlem":40.2311,"iha_boylam":29.0080452,"iha_irtifa":40.59,"iha_dikilme":-4.49254131,"iha_yonelme":55.7404327,"iha_yatis":-20.8476143,"iha_hizi":17.5817757,"zaman_farki":1585}]}
