{"sunucusaati":{"gun":16,"saat":14,"dakika":52,"saniye":58,"milisaniye":831},"konumBilgileri":[{"takim_numarasi":3,"iha_enlem":40.2315636,"iha_boylam":29.0093346,"iha_irtifa":-0.273,"iha_dikilme":-12.320013,"iha_yonelme":187.0,"iha_yatis":21.1791115,"iha_hizi":0.154963478,"zaman_farki":294},{"takim_numarasi":8,"iha_enlem":40.2315826,"iha_boylam":29.0068474,"iha_irtifa":115.108,"iha_dikilme":7.268462,"iha_yonelme":279.71,"iha_yatis":20.8008289,"iha_hizi":14.38,"zaman_farki":575},{"takim_numarasi":12,"iha_enlem":40.23177,"iha_boylam":29.0092945,"iha_irtifa":0.0,"iha_dikilme":-2.0,"iha_yonelme":308.0,"iha_yatis":-11.0,"iha_hizi":0.0,"zaman_farki":209892},{"takim_numarasi":13,"iha_enlem":40.2313766,"iha_boylam":29.00909,"iha_irtifa":-9.39,"iha_dikilme":4.784649,"iha_yonelme":191.160751,"iha_yatis":-3.35099983,"iha_hizi":0.660820961,"zaman_farki":715}]}
