{"sunucusaati":{"gun":16,"saat":14,"dakika":52,"saniye":13,"milisaniye":679},"konumBilgileri":[{"takim_numarasi":3,"iha_enlem":40.2315636,"iha_boylam":29.0093346,"iha_irtifa":-0.273,"iha_dikilme":-12.320013,"iha_yonelme":187.0,"iha_yatis":21.1791115,"iha_hizi":0.154963478,"zaman_farki":-47},{"takim_numarasi":8,"iha_enlem":40.2325,"iha_boylam":29.0059834,"iha_irtifa":99.268,"iha_dikilme":9.104955,"iha_yonelme":116.04,"iha_yatis":-40.150444,"iha_hizi":15.73,"zaman_farki":426},{"takim_numarasi":12,"iha_enlem":40.23177,"iha_boylam":29.0092945,"iha_irtifa":0.0,"iha_dikilme":-2.0,"iha_yonelme":308.0,"iha_yatis":-11.0,"iha_hizi":0.0,"zaman_farki":164740},{"takim_numarasi":13,"iha_enlem":40.2310066,"iha_boylam":29.0055542,"iha_irtifa":87.88,"iha_dikilme":-2.61206913,"iha_yonelme":222.542831,"iha_yatis":-30.9750786,"iha_hizi":15.1420212,"zaman_farki":821}]}
