{"sunucusaati":{"gun":16,"saat":14,"dakika":52,"saniye":46,"milisaniye":576},"konumBilgileri":[{"takim_numarasi":3,"iha_enlem":40.2315636,"iha_boylam":29.0093346,"iha_irtifa":-0.273,"iha_dikilme":-12.320013,"iha_yonelme":187.0,"iha_yatis":21.1791115,"iha_hizi":0.154963478,"zaman_farki":-85},{"takim_numarasi":8,"iha_enlem":40.2323036,"iha_boylam":29.0079079,"iha_irtifa":107.233,"iha_dikilme":11.0463963,"iha_yonelme":179.78,"iha_yatis":49.15019,"iha_hizi":13.82,"zaman_farki":322},{"takim_numarasi":12,"iha_enlem":40.23177,"iha_boylam":29.0092945,"iha_irtifa":0.0,"iha_dikilme":-2.0,"iha_yonelme":308.0,"iha_yatis":-11.0,"iha_hizi":0.0,"zaman_farki":197637},{"takim_numarasi":13,"iha_enlem":40.2323532,"iha_boylam":29.0089836,"iha_irtifa":9.3,"iha_dikilme":-1.74091685,"iha_yonelme":156.934753,"iha_yatis":6.852903,"iha_hizi":12.6527824,"zaman_farki":960}]}
