{"sunucusaati":{"gun":16,"saat":14,"dakika":52,"saniye":37,"milisaniye":111},"konumBilgileri":[{"takim_numarasi":3,"iha_enlem":40.2315636,"iha_boylam":29.0093346,"iha_irtifa":-0.273,"iha_dikilme":-12.320013,"iha_yonelme":187.0,"iha_yatis":21.1791115,"iha_hizi":0.154963478,"zaman_farki":517},{"takim_numarasi":8,"iha_enlem":40.2316742,"iha_boylam":29.007534,"iha_irtifa":61.164,"iha_dikilme":22.9521065,"iha_yonelme":257.45,"iha_yatis":-29.644598,"iha_hizi":15.81,"zaman_farki":-144},{"takim_numarasi":12,"iha_enlem":40.23177,"iha_boylam":29.0092945,"iha_irtifa":0.0,"iha_dikilme":-2.0,"iha_yonelme":308.0,"iha_yatis":-11.0,"iha_hizi":0.0,"zaman_farki":188172},{"takim_numarasi":13,"iha_enlem":40.2319679,"iha_boylam":29.00893,"iha_irtifa":28.17,"iha_dikilme":0.0123232026,"iha_yonelme":49.5424232,"iha_yatis":-0.20159784,"iha_hizi":17.2559986,"zaman_farki":1253}]}
