{"sunucusaati":{"gun":16,"saat":14,"dakika":52,"saniye":40,"milisaniye":192},"konumBilgileri":[{"takim_numarasi":3,"iha_enlem":40.2315636,"iha_boylam":29.0093346,"iha_irtifa":-0.273,"iha_dikilme":-12.320013,"iha_yonelme":187.0,"iha_yatis":21.1791115,"iha_hizi":0.154963478,"zaman_farki":-73},{"takim_numarasi":8,"iha_enlem":40.2319145,"iha_boylam":29.0070457,"iha_irtifa":115.096,"iha_dikilme":5.056508,"iha_yonelme":343.42,"iha_yatis":48.9448128,"iha_hizi":20.3,"zaman_farki":-62},{"takim_numarasi":12,"iha_enlem":40.23177,"iha_boylam":29.0092945,"iha_irtifa":0.0,"iha_dikilme":-2.0,"iha_yonelme":308.0,"iha_yatis":-11.0,"iha_hizi":0.0,"zaman_farki":191253},{"takim_numarasi":13,"iha_enlem":40.2323952,"iha_boylam":29.0093536,"iha_irtifa":23.02,"iha_dikilme":0.08243664,"iha_yonelme":5.727187,"iha_yatis":-42.9089966,"iha_hizi":16.7711277,"zaman_farki":834}]}
