{"sunucusaati":{"gun":16,"saat":14,"dakika":53,"saniye":57,"milisaniye":658},"konumBilgileri":[{"takim_numarasi":3,"iha_enlem":40.2315636,"iha_boylam":29.0093346,"iha_irtifa":-0.273,"iha_dikilme":-12.320013,"iha_yonelme":187.0,"iha_yatis":21.1791115,"iha_hizi":0.154963478,"zaman_farki":615},{"takim_numarasi":8,"iha_enlem":40.23225,"iha_boylam":29.0056858,"iha_irtifa":103.282,"iha_dikilme":10.4813223,"iha_yonelme":234.87,"iha_yatis":-13.9364805,"iha_hizi":12.75,"zaman_farki":404},{"takim_numarasi":12,"iha_enlem":40.23177,"iha_boylam":29.0092945,"iha_irtifa":0.0,"iha_dikilme":-2.0,"iha_yonelme":308.0,"iha_yatis":-11.0,"iha_hizi":0.0,"zaman_farki":268719},{"takim_numarasi":13,"iha_enlem":40.2313728,"iha_boylam":29.0090923,"iha_irtifa":-9.56,"iha_dikilme":4.99205971,"iha_yonelme":190.574448,"iha_yatis":-5.315682,"iha_hizi":0.23065567,"zaman_farki":50300}]}
