{"sunucusaati":{"gun":16,"saat":14,"dakika":52,"saniye":41,"milisaniye":24},"konumBilgileri":[{"takim_numarasi":3,"iha_enlem":40.2315636,"iha_boylam":29.0093346,"iha_irtifa":-0.273,"iha_dikilme":-12.320013,"iha_yonelme":187.0,"iha_yatis":21.1791115,"iha_hizi":0.154963478,"zaman_farki":759},{"takim_numarasi":8,"iha_enlem":40.2319145,"iha_boylam":29.0070457,"iha_irtifa":115.096,"iha_dikilme":5.056508,"iha_yonelme":343.42,"iha_yatis":48.9448128,"iha_hizi":20.3,"zaman_farki":770},{"takim_numarasi":12,"iha_enlem":40.23177,"iha_boylam":29.0092945,"iha_irtifa":0.0,"iha_dikilme":-2.0,"iha_yonelme":308.0,"iha_yatis":-11.0,"iha_hizi":0.0,"zaman_farki":192085},{"takim_numarasi":13,"iha_enlem":40.2325363,"iha_boylam":29.009325,"iha_irtifa":20.74,"iha_dikilme":-6.00754356,"iha_yonelme":320.760956,"iha_yatis":-46.67071,"iha_hizi":15.1140013,"zaman_farki":666}]}
