{"sunucusaati":{"gun":16,"saat":14,"dakika":52,"saniye":26,"milisaniye":661},"konumBilgileri":[{"takim_numarasi":3,"iha_enlem":40.2315636,"iha_boylam":29.0093346,"iha_irtifa":-0.273,"iha_dikilme":-12.320013,"iha_yonelme":187.0,"iha_yatis":21.1791115,"iha_hizi":0.154963478,"zaman_farki":116},{"takim_numarasi":8,"iha_enlem":40.2323952,"iha_boylam":29.0083923,"iha_irtifa":102.759,"iha_dikilme":8.355315,"iha_yonelme":176.75,"iha_yatis":26.5501919,"iha_hizi":12.24,"zaman_farki":406},{"takim_numarasi":12,"iha_enlem":40.23177,"iha_boylam":29.0092945,"iha_irtifa":0.0,"iha_dikilme":-2.0,"iha_yonelme":308.0,"iha_yatis":-11.0,"iha_hizi":0.0,"zaman_farki":177722},{"takim_numarasi":13,"iha_enlem":40.2308235,"iha_boylam":29.0073757,"iha_irtifa":52.11,"iha_dikilme":-5.39006567,"iha_yonelme":66.71126,"iha_yatis":2.86385036,"iha_hizi":17.8080158,"zaman_farki":1304}]}
