{"sunucusaati":{"gun":16,"saat":14,"dakika":56,"saniye":1,"milisaniye":911},"konumBilgileri":[{"takim_numarasi":3,"iha_enlem":40.2315636,"iha_boylam":29.0093346,"iha_irtifa":-0.273,"iha_dikilme":-12.320013,"iha_yonelme":187.0,"iha_yatis":21.1791115,"iha_hizi":0.154963478,"zaman_farki":41196},{"takim_numarasi":8,"iha_enlem":40.2313423,"iha_boylam":29.005558,"iha_irtifa":101.585,"iha_dikilme":6.772098,"iha_yonelme":244.05,"iha_yatis":17.256813,"iha_hizi":13.12,"zaman_farki":655},{"takim_numarasi":12,"iha_enlem":40.23177,"iha_boylam":29.0092945,"iha_irtifa":0.0,"iha_dikilme":-2.0,"iha_yonelme":308.0,"iha_yatis":-11.0,"iha_hizi":0.0,"zaman_farki":392972},{"takim_numarasi":13,"iha_enlem":40.2313728,"iha_boylam":29.0090923,"iha_irtifa":-9.56,"iha_dikilme":4.99205971,"iha_yonelme":190.574448,"iha_yatis":-5.315682,"iha_hizi":0.23065567,"zaman_farki":174553}]}
