{"sunucusaati":{"gun":16,"saat":14,"dakika":52,"saniye":45,"milisaniye":658},"konumBilgileri":[{"takim_numarasi":3,"iha_enlem":40.2315636,"iha_boylam":29.0093346,"iha_irtifa":-0.273,"iha_dikilme":-12.320013,"iha_yonelme":187.0,"iha_yatis":21.1791115,"iha_hizi":0.154963478,"zaman_farki":-88},{"takim_numarasi":8,"iha_enlem":40.2324,"iha_boylam":29.00778,"iha_irtifa":107.233,"iha_dikilme":9.972837,"iha_yonelme":143.52,"iha_yatis":47.0357552,"iha_hizi":17.71,"zaman_farki":403},{"takim_numarasi":12,"iha_enlem":40.23177,"iha_boylam":29.0092945,"iha_irtifa":0.0,"iha_dikilme":-2.0,"iha_yonelme":308.0,"iha_yatis":-11.0,"iha_hizi":0.0,"zaman_farki":196719},{"takim_numarasi":13,"iha_enlem":40.2324562,"iha_boylam":29.0089226,"iha_irtifa":11.04,"iha_dikilme":-2.74789858,"iha_yonelme":173.044617,"iha_yatis":-25.6413212,"iha_hizi":12.4520235,"zaman_farki":1042}]}
