{"sunucusaati":{"gun":16,"saat":14,"dakika":52,"saniye":59,"milisaniye":747},"konumBilgileri":[{"takim_numarasi":3,"iha_enlem":40.2315636,"iha_boylam":29.0093346,"iha_irtifa":-0.273,"iha_dikilme":-12.320013,"iha_yonelme":187.0,"iha_yatis":21.1791115,"iha_hizi":0.154963478,"zaman_farki":300},{"takim_numarasi":8,"iha_enlem":40.231636,"iha_boylam":29.00669,"iha_irtifa":115.786,"iha_dikilme":6.91187048,"iha_yonelme":293.25,"iha_yatis":21.7277889,"iha_hizi":15.15,"zaman_farki":492},{"takim_numarasi":12,"iha_enlem":40.23177,"iha_boylam":29.0092945,"iha_irtifa":0.0,"iha_dikilme":-2.0,"iha_yonelme":308.0,"iha_yatis":-11.0,"iha_hizi":0.0,"zaman_farki":210808},{"takim_numarasi":13,"iha_enlem":40.2313766,"iha_boylam":29.00909,"iha_irtifa":-9.49,"iha_dikilme":4.714349,"iha_yonelme":191.043167,"iha_yatis":-4.12529945,"iha_hizi":0.432390273,"zaman_farki":389}]}
