{"sunucusaati":{"gun":16,"saat":15,"dakika":2,"saniye":54,"milisaniye":743},"konumBilgileri":[{"takim_numarasi":3,"iha_enlem":40.2315636,"iha_boylam":29.0093346,"iha_irtifa":-0.273,"iha_dikilme":-12.320013,"iha_yonelme":187.0,"iha_yatis":21.1791115,"iha_hizi":0.154963478,"zaman_farki":454028},{"takim_numarasi":8,"iha_enlem":40.2316437,"iha_boylam":29.00603,"iha_irtifa":96.829,"iha_dikilme":11.8512707,"iha_yonelme":207.91,"iha_yatis":13.0465546,"iha_hizi":11.31,"zaman_farki":488},{"takim_numarasi":12,"iha_enlem":40.23177,"iha_boylam":29.0092945,"iha_irtifa":0.0,"iha_dikilme":-2.0,"iha_yonelme":308.0,"iha_yatis":-11.0,"iha_hizi":0.0,"zaman_farki":805804},{"takim_numarasi":13,"iha_enlem":40.2313728,"iha_boylam":29.0090923,"iha_irtifa":-9.56,"iha_dikilme":4.99205971,"iha_yonelme":190.574448,"iha_yatis":-5.315682,"iha_hizi":0.23065567,"zaman_farki":587385}]}
