{"sunucusaati":{"gun":16,"saat":15,"dakika":1,"saniye":28,"milisaniye":500},"konumBilgileri":[{"takim_numarasi":3,"iha_enlem":40.2315636,"iha_boylam":29.0093346,"iha_irtifa":-0.273,"iha_dikilme":-12.320013,"iha_yonelme":187.0,"iha_yatis":21.1791115,"iha_hizi":0.154963478,"zaman_farki":367785},{"takim_numarasi":8,"iha_enlem":40.23227,"iha_boylam":29.0058327,"iha_irtifa":92.754,"iha_dikilme":14.9928055,"iha_yonelme":152.72,"iha_yatis":16.1241226,"iha_hizi":13.59,"zaman_farki":247},{"takim_numarasi":12,"iha_enlem":40.23177,"iha_boylam":29.0092945,"iha_irtifa":0.0,"iha_dikilme":-2.0,"iha_yonelme":308.0,"iha_yatis":-11.0,"iha_hizi":0.0,"zaman_farki":719561},{"takim_numarasi":13,"iha_enlem":40.2313728,"iha_boylam":29.0090923,"iha_irtifa":-9.56,"iha_dikilme":4.99205971,"iha_yonelme":190.574448,"iha_yatis":-5.315682,"iha_hizi":0.23065567,"zaman_farki":501142}]}
