{"sunucusaati":{"gun":16,"saat":15,"dakika":3,"saniye":48,"milisaniye":783},"konumBilgileri":[{"takim_numarasi":3,"iha_enlem":40.2315636,"iha_boylam":29.0093346,"iha_irtifa":-0.273,"iha_dikilme":-12.320013,"iha_yonelme":187.0,"iha_yatis":21.1791115,"iha_hizi":0.154963478,"zaman_farki":508068},{"takim_numarasi":8,"iha_enlem":40.23163,"iha_boylam":29.0060158,"iha_irtifa":99.222,"iha_dikilme":7.24077845,"iha_yonelme":205.17,"iha_yatis":12.4314814,"iha_hizi":11.9,"zaman_farki":529},{"takim_numarasi":12,"iha_enlem":40.23177,"iha_boylam":29.0092945,"iha_irtifa":0.0,"iha_dikilme":-2.0,"iha_yonelme":308.0,"iha_yatis":-11.0,"iha_hizi":0.0,"zaman_farki":859844},{"takim_numarasi":13,"iha_enlem":40.2313728,"iha_boylam":29.0090923,"iha_irtifa":-9.56,"iha_dikilme":4.99205971,"iha_yonelme":190.574448,"iha_yatis":-5.315682,"iha_hizi":0.23065567,"zaman_farki":641425}]}
